scenario,baseline,iteration,flow_magnitude_mean,flow_magnitude_std,jacobian_conditioning_mean,jacobian_conditioning_std
sigmaV2_10_sigmaW2_1,DFPHS,1,0.0,0.0,1.0000001430511474,4.7683715820312496e-08
sigmaV2_10_sigmaW2_1,DFPHS,2,0.0,0.0,1.0000003576278687,2.5005551532987395e-07
sigmaV2_10_sigmaW2_1,DFPHS,3,0.0,0.0,1.0000001907348632,5.840038639982171e-08
sigmaV2_10_sigmaW2_1,DFPHS,4,0.0,0.0,1.0000001907348632,9.536743164062499e-08
sigmaV2_10_sigmaW2_1,DFPHS,5,0.0,0.0,1.0000002145767213,8.920806376395085e-08
sigmaV2_10_sigmaW2_1,DFPHS,6,0.0,0.0,1.0000003099441528,2.676241912918526e-07
sigmaV2_10_sigmaW2_1,DFPHS,7,0.0,0.0,1.0000001192092896,0.0
sigmaV2_10_sigmaW2_1,DFPHS,8,0.0,0.0,1.0000001430511474,4.7683715820312496e-08
sigmaV2_10_sigmaW2_1,DFPHS,9,0.0,0.0,1.0000001907348632,9.536743164062499e-08
sigmaV2_10_sigmaW2_1,DFPHS,10,0.0,0.0,1.0000002145767213,8.920806376395085e-08
sigmaV2_10_sigmaW2_1,DFPHS,11,0.0,0.0,1.0000006198883056,5.190739883679686e-07
sigmaV2_10_sigmaW2_1,DFPHS,12,0.0,0.0,1.0000002145767213,4.7683715820312496e-08
sigmaV2_10_sigmaW2_1,DFPHS,13,0.0,0.0,1.0000001907348632,9.536743164062499e-08
sigmaV2_10_sigmaW2_1,DFPHS,14,0.0,0.0,1.0000001668930054,5.840038639982172e-08
sigmaV2_10_sigmaW2_1,DFPHS,15,0.0,0.0,1.0000001430511474,4.7683715820312496e-08
sigmaV2_10_sigmaW2_1,DFPHS,16,0.0,0.0,1.0000004529953004,2.6549169363165e-07
sigmaV2_10_sigmaW2_1,DFPHS,17,0.0,0.0,1.0000001907348632,5.840038639982171e-08
sigmaV2_10_sigmaW2_1,DFPHS,18,0.0,0.0,1.0000001668930054,5.840038639982172e-08
sigmaV2_10_sigmaW2_1,DFPHS,19,0.0,0.0,1.0000001668930054,9.536743164062499e-08
sigmaV2_10_sigmaW2_1,DFPHS,20,0.0,0.0,1.0000001668930054,9.536743164062499e-08
sigmaV2_10_sigmaW2_1,DFPHS,21,0.0,0.0,1.0000002145767213,8.920806376395086e-08
sigmaV2_10_sigmaW2_1,DFPHS,22,0.0,0.0,1.000000262260437,4.7683715820312496e-08
sigmaV2_10_sigmaW2_1,DFPHS,23,0.0,0.0,1.0000001668930054,5.840038639982172e-08
sigmaV2_10_sigmaW2_1,DFPHS,24,0.0,0.0,1.0000001668930054,5.840038639982171e-08
sigmaV2_10_sigmaW2_1,DFPHS,25,0.0,0.0,1.0000002145767213,8.920806376395085e-08
sigmaV2_10_sigmaW2_1,DFPHS,26,0.0,0.0,1.0000001430511474,4.7683715820312496e-08
sigmaV2_10_sigmaW2_1,DFPHS,27,0.0,0.0,1.000000238418579,1.066240299940009e-07
sigmaV2_10_sigmaW2_1,DFPHS,28,0.0,0.0,1.0000002145767213,4.7683715820312496e-08
sigmaV2_10_sigmaW2_1,DFPHS,29,0.0,0.0,1.0000001430511474,4.7683715820312496e-08
sigmaV2_10_sigmaW2_1,DFPHS,30,0.0,0.0,1.000000262260437,8.920806376395085e-08
sigmaV2_10_sigmaW2_1,DFPHS,31,0.0,0.0,1.0000001907348632,9.536743164062499e-08
sigmaV2_10_sigmaW2_1,DFPHS,32,0.0,0.0,1.0000001430511474,4.7683715820312496e-08
sigmaV2_10_sigmaW2_1,DFPHS,33,0.0,0.0,1.000000238418579,1.3058723390225555e-07
sigmaV2_10_sigmaW2_1,DFPHS,34,0.0,0.0,1.0000001907348632,5.840038639982171e-08
sigmaV2_10_sigmaW2_1,DFPHS,35,0.0,0.0,1.0000001907348632,5.840038639982172e-08
sigmaV2_10_sigmaW2_1,DFPHS,36,0.0,0.0,1.0000001430511474,4.7683715820312496e-08
sigmaV2_10_sigmaW2_1,DFPHS,37,0.0,0.0,1.0000001668930054,5.840038639982172e-08
sigmaV2_10_sigmaW2_1,DFPHS,38,0.0,0.0,1.0000001907348632,5.840038639982172e-08
sigmaV2_10_sigmaW2_1,DFPHS,39,0.0,0.0,1.0000001907348632,9.536743164062499e-08
sigmaV2_10_sigmaW2_1,DFPHS,40,0.0,0.0,1.0000001907348632,9.536743164062499e-08
sigmaV2_10_sigmaW2_1,DFPHS,41,0.0,0.0,1.0000001668930054,5.840038639982172e-08
sigmaV2_10_sigmaW2_1,DFPHS,42,0.0,0.0,1.000000262260437,1.9073486328124998e-07
sigmaV2_10_sigmaW2_1,DFPHS,43,0.0,0.0,1.0000001668930054,5.840038639982172e-08
sigmaV2_10_sigmaW2_1,DFPHS,44,0.0,0.0,1.0000001907348632,5.840038639982172e-08
sigmaV2_10_sigmaW2_1,DFPHS,45,0.0,0.0,1.000000262260437,8.920806376395086e-08
sigmaV2_10_sigmaW2_1,DFPHS,46,0.0,0.0,1.0000001668930054,5.840038639982171e-08
sigmaV2_10_sigmaW2_1,DFPHS,47,0.0,0.0,1.0000001430511474,4.7683715820312496e-08
sigmaV2_10_sigmaW2_1,DFPHS,48,0.0,0.0,1.0000002145767213,8.920806376395085e-08
sigmaV2_10_sigmaW2_1,DFPHS,49,0.0,0.0,1.0000001907348632,9.536743164062499e-08
sigmaV2_10_sigmaW2_1,DFPHS,50,0.0,0.0,1.0000001668930054,5.840038639982172e-08
sigmaV2_10_sigmaW2_1,DFPHS,51,0.0,0.0,1.0000001430511474,4.7683715820312496e-08
sigmaV2_10_sigmaW2_1,DFPHS,52,0.0,0.0,1.000000238418579,1.066240299940009e-07
sigmaV2_10_sigmaW2_1,DFPHS,53,0.0,0.0,1.0000002145767213,1.3902072655785801e-07
sigmaV2_10_sigmaW2_1,DFPHS,54,0.0,0.0,1.0000001192092896,0.0
sigmaV2_10_sigmaW2_1,DFPHS,55,0.0,0.0,1.0000001192092896,0.0
sigmaV2_10_sigmaW2_1,DFPHS,56,0.0,0.0,1.0000001907348632,5.840038639982172e-08
sigmaV2_10_sigmaW2_1,DFPHS,57,0.0,0.0,1.0000001668930054,5.840038639982172e-08
sigmaV2_10_sigmaW2_1,DFPHS,58,0.0,0.0,1.0000001907348632,9.536743164062499e-08
sigmaV2_10_sigmaW2_1,DFPHS,59,0.0,0.0,1.000000262260437,1.3902072655785801e-07
sigmaV2_10_sigmaW2_1,DFPHS,60,0.0,0.0,1.000000238418579,7.539457464619587e-08
sigmaV2_10_sigmaW2_1,DFPHS,61,0.0,0.0,1.0000001430511474,4.7683715820312496e-08
sigmaV2_10_sigmaW2_1,DFPHS,62,0.0,0.0,1.0000001907348632,9.5367431640625e-08
sigmaV2_10_sigmaW2_1,DFPHS,63,0.0,0.0,1.0000001668930054,5.840038639982172e-08
sigmaV2_10_sigmaW2_1,DFPHS,64,0.0,0.0,1.0000001430511474,4.7683715820312496e-08
sigmaV2_10_sigmaW2_1,DFPHS,65,0.0,0.0,1.0000002145767213,8.920806376395085e-08
sigmaV2_10_sigmaW2_1,DFPHS,66,0.0,0.0,1.0000001430511474,4.7683715820312496e-08
sigmaV2_10_sigmaW2_1,DFPHS,67,0.0,0.0,1.0000001907348632,5.840038639982171e-08
sigmaV2_10_sigmaW2_1,DFPHS,68,0.0,0.0,1.0000001907348632,9.536743164062499e-08
sigmaV2_10_sigmaW2_1,DFPHS,69,0.0,0.0,1.0000001907348632,5.840038639982172e-08
sigmaV2_10_sigmaW2_1,DFPHS,70,0.0,0.0,1.0000001907348632,5.840038639982172e-08
sigmaV2_10_sigmaW2_1,DFPHS,71,0.0,0.0,1.0000002145767213,4.7683715820312496e-08
sigmaV2_10_sigmaW2_1,DFPHS,72,0.0,0.0,1.0000001907348632,5.840038639982172e-08
sigmaV2_10_sigmaW2_1,DFPHS,73,0.0,0.0,1.0000001668930054,5.840038639982171e-08
sigmaV2_10_sigmaW2_1,DFPHS,74,0.0,0.0,1.0000001907348632,5.840038639982172e-08
sigmaV2_10_sigmaW2_1,DFPHS,75,0.0,0.0,1.0000001907348632,9.536743164062499e-08
sigmaV2_10_sigmaW2_1,DFPHS,76,0.0,0.0,1.0000001668930054,5.840038639982172e-08
sigmaV2_10_sigmaW2_1,DFPHS,77,0.0,0.0,1.0000001668930054,5.840038639982171e-08
sigmaV2_10_sigmaW2_1,DFPHS,78,0.0,0.0,1.0000001430511474,4.7683715820312496e-08
sigmaV2_10_sigmaW2_1,DFPHS,79,0.0,0.0,1.0000003099441528,2.676241912918526e-07
sigmaV2_10_sigmaW2_1,DFPHS,80,0.0,0.0,1.0000001668930054,5.840038639982172e-08
sigmaV2_10_sigmaW2_1,DFPHS,81,0.0,0.0,1.0000001668930054,5.840038639982172e-08
sigmaV2_10_sigmaW2_1,DFPHS,82,0.0,0.0,1.000000524520874,4.6231077741778654e-07
sigmaV2_10_sigmaW2_1,DFPHS,83,0.0,0.0,1.000000238418579,1.066240299940009e-07
sigmaV2_10_sigmaW2_1,DFPHS,84,0.0,0.0,1.0000002145767213,4.7683715820312496e-08
sigmaV2_10_sigmaW2_1,DFPHS,85,0.0,0.0,1.0000001668930054,5.840038639982172e-08
sigmaV2_10_sigmaW2_1,DFPHS,86,0.0,0.0,1.0000001907348632,5.840038639982171e-08
sigmaV2_10_sigmaW2_1,DFPHS,87,0.0,0.0,1.0000001907348632,5.840038639982171e-08
sigmaV2_10_sigmaW2_1,DFPHS,88,0.0,0.0,1.0000001192092896,0.0
sigmaV2_10_sigmaW2_1,DFPHS,89,0.0,0.0,1.0000001430511474,4.7683715820312496e-08
sigmaV2_10_sigmaW2_1,DFPHS,90,0.0,0.0,1.0000001907348632,9.5367431640625e-08
sigmaV2_10_sigmaW2_1,DFPHS,91,0.0,0.0,1.0000001430511474,4.7683715820312496e-08
sigmaV2_10_sigmaW2_1,DFPHS,92,0.0,0.0,1.000000286102295,1.6170334775746508e-07
sigmaV2_10_sigmaW2_1,DFPHS,93,0.0,0.0,1.000000238418579,1.066240299940009e-07
sigmaV2_10_sigmaW2_1,DFPHS,94,0.0,0.0,1.0000001430511474,4.7683715820312496e-08
sigmaV2_10_sigmaW2_1,DFPHS,95,0.0,0.0,1.0000002145767213,4.76837158203125e-08
sigmaV2_10_sigmaW2_1,DFPHS,96,0.0,0.0,1.0000001430511474,4.7683715820312496e-08
sigmaV2_10_sigmaW2_1,DFPHS,97,0.0,0.0,1.0000001430511474,4.7683715820312496e-08
sigmaV2_10_sigmaW2_1,DFPHS,98,0.0,0.0,1.0000001907348632,1.430511474609375e-07
sigmaV2_10_sigmaW2_1,DFPHS,99,0.0,0.0,1.0000002145767213,8.920806376395085e-08
sigmaV2_10_sigmaW2_1,DFPHS,100,0.0,0.0,1.000000286102295,1.215700987241932e-07
sigmaV2_10_sigmaW2_1,DPF-GradNet,1,15.055426597595215,0.2827925804578706,1.0000003576278687,1.3058723390225555e-07
sigmaV2_10_sigmaW2_1,DPF-GradNet,2,12.871954345703125,0.5595026081283345,1.0000004291534423,1.215700987241932e-07
sigmaV2_10_sigmaW2_1,DPF-GradNet,3,10.889166259765625,0.6488475728731131,1.0000004291534423,1.215700987241932e-07
sigmaV2_10_sigmaW2_1,DPF-GradNet,4,8.365052700042725,0.8813380414978935,1.0000004768371582,1.6858739404357614e-07
sigmaV2_10_sigmaW2_1,DPF-GradNet,5,9.640101718902589,1.8169675581586557,1.0000004291534423,1.2157009872419322e-07
sigmaV2_10_sigmaW2_1,DPF-GradNet,6,15.370283889770509,0.7439725053624561,1.0000003814697265,1.3902072655785801e-07
sigmaV2_10_sigmaW2_1,DPF-GradNet,7,11.17543067932129,0.8087540243919423,1.0000004529953004,1.3902072655785801e-07
sigmaV2_10_sigmaW2_1,DPF-GradNet,8,10.500956916809082,2.630282453695722,1.0000004053115845,9.5367431640625e-08
sigmaV2_10_sigmaW2_1,DPF-GradNet,9,10.058823204040527,0.4429249948835243,1.000000500679016,8.920806376395085e-08
sigmaV2_10_sigmaW2_1,DPF-GradNet,10,9.171640014648437,0.6230312666814715,1.0000004291534423,1.215700987241932e-07
sigmaV2_10_sigmaW2_1,DPF-GradNet,11,12.345849227905273,0.8415431598488146,1.0000004053115845,9.536743164062499e-08
sigmaV2_10_sigmaW2_1,DPF-GradNet,12,9.93460636138916,0.83054806897545,1.0000004529953004,1.1680077279964342e-07
sigmaV2_10_sigmaW2_1,DPF-GradNet,13,10.198120307922363,0.5496729732214131,1.000000524520874,1.215700987241932e-07
sigmaV2_10_sigmaW2_1,DPF-GradNet,14,11.814324378967285,1.335663174642478,1.0000004768371582,1.3058723390225555e-07
sigmaV2_10_sigmaW2_1,DPF-GradNet,15,12.247429275512696,0.9256138358424694,1.0000004529953004,1.3902072655785801e-07
sigmaV2_10_sigmaW2_1,DPF-GradNet,16,10.943635940551758,0.9144535213698869,1.000000548362732,9.536743164062499e-08
sigmaV2_10_sigmaW2_1,DPF-GradNet,17,9.98472194671631,1.0850872072153568,1.0000004291534423,9.536743164062499e-08
sigmaV2_10_sigmaW2_1,DPF-GradNet,18,10.175862121582032,1.9424327264524524,1.000000524520874,9.536743164062499e-08
sigmaV2_10_sigmaW2_1,DPF-GradNet,19,13.454837417602539,0.7640332496389322,1.0000004768371582,1.3058723390225555e-07
sigmaV2_10_sigmaW2_1,DPF-GradNet,20,10.436015129089355,1.63116186776032,1.000000500679016,8.920806376395085e-08
sigmaV2_10_sigmaW2_1,DPF-GradNet,21,8.794042205810547,1.6788842527769574,1.0000004768371582,1.3058723390225555e-07
sigmaV2_10_sigmaW2_1,DPF-GradNet,22,12.193317031860351,0.7374208080803353,1.0000004529953004,4.76837158203125e-08
sigmaV2_10_sigmaW2_1,DPF-GradNet,23,11.69973373413086,1.1074481607445592,1.0000004768371582,7.539457464619587e-08
sigmaV2_10_sigmaW2_1,DPF-GradNet,24,10.394437026977538,1.0527160885592133,1.000000500679016,1.1680077279964342e-07
sigmaV2_10_sigmaW2_1,DPF-GradNet,25,9.644185829162598,1.1349246209641275,1.000000548362732,5.840038639982172e-08
sigmaV2_10_sigmaW2_1,DPF-GradNet,26,8.768528652191161,0.7656937745802076,1.0000003814697265,8.920806376395086e-08
sigmaV2_10_sigmaW2_1,DPF-GradNet,27,13.723867988586425,0.6316903046561029,1.000000524520874,1.6170334775746508e-07
sigmaV2_10_sigmaW2_1,DPF-GradNet,28,9.328998947143555,1.0034989181883087,1.000000500679016,1.3902072655785801e-07
sigmaV2_10_sigmaW2_1,DPF-GradNet,29,10.602015113830566,1.4624478874463775,1.0000004053115845,9.5367431640625e-08
sigmaV2_10_sigmaW2_1,DPF-GradNet,30,11.007781028747559,1.5501277469125703,1.000000500679016,1.1680077279964343e-07
sigmaV2_10_sigmaW2_1,DPF-GradNet,31,12.401300239562989,1.5455955530277528,1.00000057220459,1.1680077279964343e-07
sigmaV2_10_sigmaW2_1,DPF-GradNet,32,11.35910472869873,1.335293860703098,1.000000500679016,8.920806376395085e-08
sigmaV2_10_sigmaW2_1,DPF-GradNet,33,8.898418426513672,0.8688583534623052,1.0000004529953004,1.1680077279964343e-07
sigmaV2_10_sigmaW2_1,DPF-GradNet,34,10.581773376464843,1.0637470438656444,1.000000500679016,8.920806376395085e-08
sigmaV2_10_sigmaW2_1,DPF-GradNet,35,11.21533203125,1.6145430219408878,1.0000004291534423,9.5367431640625e-08
sigmaV2_10_sigmaW2_1,DPF-GradNet,36,8.45103578567505,1.421528647671354,1.000000548362732,1.784161275279017e-07
sigmaV2_10_sigmaW2_1,DPF-GradNet,37,12.861495208740234,1.2366039522497507,1.0000003814697265,1.1680077279964343e-07
sigmaV2_10_sigmaW2_1,DPF-GradNet,38,10.795252990722656,2.1893378949706044,1.0000004291534423,9.5367431640625e-08
sigmaV2_10_sigmaW2_1,DPF-GradNet,39,10.127726364135743,1.3062050689181643,1.0000003814697265,1.39020726557858e-07
sigmaV2_10_sigmaW2_1,DPF-GradNet,40,12.32504482269287,0.910056983402599,1.000000548362732,1.9369216929998303e-07
sigmaV2_10_sigmaW2_1,DPF-GradNet,41,9.594799613952636,1.1024827791085823,1.000000524520874,5.840038639982172e-08
sigmaV2_10_sigmaW2_1,DPF-GradNet,42,11.951163864135742,1.12673333117986,1.0000004768371582,1.066240299940009e-07
sigmaV2_10_sigmaW2_1,DPF-GradNet,43,11.472717094421387,1.4103405822330772,1.0000004768371582,7.539457464619587e-08
sigmaV2_10_sigmaW2_1,DPF-GradNet,44,9.920478630065919,0.4936634999440245,1.0000004291534423,5.840038639982172e-08
sigmaV2_10_sigmaW2_1,DPF-GradNet,45,13.461999320983887,1.00549026579669,1.0000004529953004,1.5814899398591043e-07
sigmaV2_10_sigmaW2_1,DPF-GradNet,46,11.072506713867188,1.1309695645202449,1.0000004053115845,1.215700987241932e-07
sigmaV2_10_sigmaW2_1,DPF-GradNet,47,10.38403606414795,1.8553538152095725,1.0000004768371582,1.5078914929239175e-07
sigmaV2_10_sigmaW2_1,DPF-GradNet,48,11.710729026794434,1.3048933574488981,1.0000004768371582,1.6858739404357614e-07
sigmaV2_10_sigmaW2_1,DPF-GradNet,49,8.308722114562988,0.9848684958710695,1.000000548362732,1.6170334775746508e-07
sigmaV2_10_sigmaW2_1,DPF-GradNet,50,7.858356666564942,1.821987451680232,1.0000004768371582,1.066240299940009e-07
sigmaV2_10_sigmaW2_1,DPF-GradNet,51,13.569771575927735,1.7252087295647913,1.00000057220459,2.3115538870889327e-07
sigmaV2_10_sigmaW2_1,DPF-GradNet,52,12.337136268615723,0.7338059096207766,1.0000004768371582,7.539457464619587e-08
sigmaV2_10_sigmaW2_1,DPF-GradNet,53,11.460694122314454,1.0117025673920825,1.0000006675720214,1.430511474609375e-07
sigmaV2_10_sigmaW2_1,DPF-GradNet,54,8.651049041748047,0.7477337057765943,1.000000500679016,8.920806376395086e-08
sigmaV2_10_sigmaW2_1,DPF-GradNet,55,9.222097015380859,1.1921904544055846,1.0000004529953004,1.1680077279964343e-07
sigmaV2_10_sigmaW2_1,DPF-GradNet,56,12.84415798187256,0.973255047883245,1.000000500679016,1.1680077279964342e-07
sigmaV2_10_sigmaW2_1,DPF-GradNet,57,9.653656005859375,1.2421488733056867,1.0000004053115845,5.840038639982172e-08
sigmaV2_10_sigmaW2_1,DPF-GradNet,58,12.191385841369629,1.4162293912578703,1.0000004768371582,7.539457464619587e-08
sigmaV2_10_sigmaW2_1,DPF-GradNet,59,11.06587085723877,0.6428693014626906,1.0000004768371582,1.6858739404357614e-07
sigmaV2_10_sigmaW2_1,DPF-GradNet,60,10.475277137756347,0.3057161380778344,1.000000524520874,9.536743164062499e-08
sigmaV2_10_sigmaW2_1,DPF-GradNet,61,12.214787673950195,1.0218324476025586,1.0000003814697265,1.7520115919946512e-07
sigmaV2_10_sigmaW2_1,DPF-GradNet,62,11.497467041015625,1.514050249427194,1.00000057220459,4.7683715820312496e-08
sigmaV2_10_sigmaW2_1,DPF-GradNet,63,10.439284896850586,0.9746017569439152,1.0000006437301636,1.784161275279017e-07
sigmaV2_10_sigmaW2_1,DPF-GradNet,64,12.84917049407959,0.6202476196770274,1.0000004529953004,1.3902072655785801e-07
sigmaV2_10_sigmaW2_1,DPF-GradNet,65,10.933057022094726,0.758546945593247,1.00000057220459,8.920806376395086e-08
sigmaV2_10_sigmaW2_1,DPF-GradNet,66,13.195939064025879,1.1722095541109498,1.0000004529953004,1.3902072655785801e-07
sigmaV2_10_sigmaW2_1,DPF-GradNet,67,9.689672470092773,1.4836552868115587,1.000000548362732,1.215700987241932e-07
sigmaV2_10_sigmaW2_1,DPF-GradNet,68,9.25572853088379,0.3798361160193964,1.0000006675720214,9.5367431640625e-08
sigmaV2_10_sigmaW2_1,DPF-GradNet,69,11.989431381225586,1.0736691793801303,1.0000004768371582,1.3058723390225555e-07
sigmaV2_10_sigmaW2_1,DPF-GradNet,70,9.478411865234374,0.5652764773634426,1.0000004053115845,1.215700987241932e-07
sigmaV2_10_sigmaW2_1,DPF-GradNet,71,11.598378753662109,0.37880433425236587,1.0000006198883056,1.9073486328125e-07
sigmaV2_10_sigmaW2_1,DPF-GradNet,72,11.069272422790528,1.9075222052369183,1.000000500679016,1.3902072655785801e-07
sigmaV2_10_sigmaW2_1,DPF-GradNet,73,9.887299346923829,0.9811973141971153,1.000000500679016,1.1680077279964343e-07
sigmaV2_10_sigmaW2_1,DPF-GradNet,74,11.520439529418946,0.8274910742080898,1.00000057220459,1.5814899398591043e-07
sigmaV2_10_sigmaW2_1,DPF-GradNet,75,9.472775840759278,0.905438800248883,1.0000004768371582,1.5078914929239175e-07
sigmaV2_10_sigmaW2_1,DPF-GradNet,76,8.259210968017578,1.2433515638908124,1.000000524520874,5.840038639982172e-08
sigmaV2_10_sigmaW2_1,DPF-GradNet,77,14.207709884643554,1.1782558229152282,1.0000004053115845,1.430511474609375e-07
sigmaV2_10_sigmaW2_1,DPF-GradNet,78,11.083578491210938,0.42595880140939457,1.0000004768371582,1.3058723390225555e-07
sigmaV2_10_sigmaW2_1,DPF-GradNet,79,13.088465881347656,0.5275970855888967,1.0000004768371582,1.066240299940009e-07
sigmaV2_10_sigmaW2_1,DPF-GradNet,80,10.300507736206054,0.7139874425760084,1.0000004529953004,2.1851423716334536e-07
sigmaV2_10_sigmaW2_1,DPF-GradNet,81,11.129679870605468,1.0310900817599744,1.0000004529953004,1.3902072655785801e-07
sigmaV2_10_sigmaW2_1,DPF-GradNet,82,12.810687255859374,0.49482198563994656,1.0000004291534423,9.5367431640625e-08
sigmaV2_10_sigmaW2_1,DPF-GradNet,83,10.932425498962402,0.6547410308084013,1.0000004768371582,1.066240299940009e-07
sigmaV2_10_sigmaW2_1,DPF-GradNet,84,10.601751327514648,1.3233623556634053,1.0000004291534423,1.215700987241932e-07
sigmaV2_10_sigmaW2_1,DPF-GradNet,85,11.051634597778321,0.5382792023613663,1.000000524520874,9.5367431640625e-08
sigmaV2_10_sigmaW2_1,DPF-GradNet,86,10.020145893096924,1.4374069184074452,1.0000004768371582,7.539457464619587e-08
sigmaV2_10_sigmaW2_1,DPF-GradNet,87,12.895047187805176,1.5533780846127676,1.000000524520874,9.5367431640625e-08
sigmaV2_10_sigmaW2_1,DPF-GradNet,88,8.738875102996825,0.763231843762397,1.0000006198883056,4.76837158203125e-08
sigmaV2_10_sigmaW2_1,DPF-GradNet,89,9.236386680603028,1.287654289285014,1.00000057220459,2.0509541671377722e-07
sigmaV2_10_sigmaW2_1,DPF-GradNet,90,13.555201721191406,1.048377872215431,1.0000004053115845,1.215700987241932e-07
sigmaV2_10_sigmaW2_1,DPF-GradNet,91,9.748431396484374,0.7431764371199878,1.0000004768371582,1.066240299940009e-07
sigmaV2_10_sigmaW2_1,DPF-GradNet,92,11.156190872192383,0.7544565090262838,1.000000524520874,5.840038639982172e-08
sigmaV2_10_sigmaW2_1,DPF-GradNet,93,10.894744110107421,0.5249780060008705,1.0000006437301636,1.9369216929998303e-07
sigmaV2_10_sigmaW2_1,DPF-GradNet,94,11.876576805114746,1.5849764867922727,1.000000524520874,9.5367431640625e-08
sigmaV2_10_sigmaW2_1,DPF-GradNet,95,11.574868774414062,1.9300564059395575,1.0000004053115845,1.6170334775746508e-07
sigmaV2_10_sigmaW2_1,DPF-GradNet,96,9.725965690612792,0.9515127940918613,1.000000500679016,1.3902072655785801e-07
sigmaV2_10_sigmaW2_1,DPF-GradNet,97,9.961552810668945,1.2497798776813596,1.00000057220459,4.7683715820312496e-08
sigmaV2_10_sigmaW2_1,DPF-GradNet,98,11.078240394592285,1.3103086032465239,1.000000524520874,1.2157009872419322e-07
sigmaV2_10_sigmaW2_1,DPF-GradNet,99,10.160694694519043,1.4471183046517666,1.0000004053115845,1.430511474609375e-07
sigmaV2_10_sigmaW2_1,DPF-GradNet,100,11.122937393188476,0.6069329187280416,1.000000548362732,9.536743164062499e-08
sigmaV2_10_sigmaW2_1,DPFNet-HMC,1,14.278264617919922,0.527315813812244,1.0000004053115845,1.784161275279017e-07
sigmaV2_10_sigmaW2_1,DPFNet-HMC,2,14.027974891662598,0.5686248677075166,1.000000500679016,8.920806376395085e-08
sigmaV2_10_sigmaW2_1,DPFNet-HMC,3,11.19463939666748,1.8011728797868005,1.0000004529953004,1.3902072655785801e-07
sigmaV2_10_sigmaW2_1,DPFNet-HMC,4,8.770200634002686,1.2714886963480865,1.0000006198883056,1.1680077279964343e-07
sigmaV2_10_sigmaW2_1,DPFNet-HMC,5,9.306190681457519,0.6329275720776385,1.000000548362732,1.784161275279017e-07
sigmaV2_10_sigmaW2_1,DPFNet-HMC,6,13.501219558715821,0.7177579018336684,1.0000004529953004,8.920806376395085e-08
sigmaV2_10_sigmaW2_1,DPFNet-HMC,7,10.985258483886719,1.0684379392041694,1.0000005960464478,2.611744678045111e-07
sigmaV2_10_sigmaW2_1,DPFNet-HMC,8,10.605911254882812,0.5398222676518296,1.000000524520874,1.784161275279017e-07
sigmaV2_10_sigmaW2_1,DPFNet-HMC,9,10.307681274414062,0.8180563545358309,1.0000006198883056,1.581489939859104e-07
sigmaV2_10_sigmaW2_1,DPFNet-HMC,10,9.125690460205078,0.23876032418968404,1.0000004768371582,1.3058723390225555e-07
sigmaV2_10_sigmaW2_1,DPFNet-HMC,11,12.523249435424805,0.5768026217424077,1.000000548362732,5.840038639982172e-08
sigmaV2_10_sigmaW2_1,DPFNet-HMC,12,9.721339797973632,0.954851839517142,1.0000004529953004,1.3902072655785801e-07
sigmaV2_10_sigmaW2_1,DPFNet-HMC,13,10.137696075439454,0.716435213444776,1.0000004291534423,1.215700987241932e-07
sigmaV2_10_sigmaW2_1,DPFNet-HMC,14,12.902006721496582,0.8794478417395493,1.0000004529953004,4.7683715820312496e-08
sigmaV2_10_sigmaW2_1,DPFNet-HMC,15,10.80236988067627,0.4568769336284993,1.0000004529953004,1.1680077279964343e-07
sigmaV2_10_sigmaW2_1,DPFNet-HMC,16,10.288840579986573,1.7976318316570918,1.000000524520874,9.5367431640625e-08
sigmaV2_10_sigmaW2_1,DPFNet-HMC,17,11.169165992736817,1.1473229727286252,1.0000004291534423,1.2157009872419322e-07
sigmaV2_10_sigmaW2_1,DPFNet-HMC,18,9.190239906311035,0.8079773746331271,1.000000500679016,8.920806376395086e-08
sigmaV2_10_sigmaW2_1,DPFNet-HMC,19,13.261121368408203,1.4040366743609969,1.0000006198883056,4.7683715820312496e-08
sigmaV2_10_sigmaW2_1,DPFNet-HMC,20,10.281319999694825,1.3174037556704452,1.000000548362732,5.840038639982172e-08
sigmaV2_10_sigmaW2_1,DPFNet-HMC,21,8.367539119720458,1.399985933795627,1.000000524520874,2.45466950916934e-07
sigmaV2_10_sigmaW2_1,DPFNet-HMC,22,13.306754684448242,1.6159141861534114,1.0000004291534423,1.430511474609375e-07
sigmaV2_10_sigmaW2_1,DPFNet-HMC,23,11.983033180236816,0.6520701800442203,1.0000004768371582,1.3058723390225555e-07
sigmaV2_10_sigmaW2_1,DPFNet-HMC,24,11.666656875610352,2.201471554252361,1.0000004768371582,7.539457464619587e-08
sigmaV2_10_sigmaW2_1,DPFNet-HMC,25,9.123678588867188,0.5990700363481111,1.000000524520874,1.215700987241932e-07
sigmaV2_10_sigmaW2_1,DPFNet-HMC,26,9.772573280334473,1.0613315076743672,1.000000500679016,1.7520115919946514e-07
sigmaV2_10_sigmaW2_1,DPFNet-HMC,27,13.025543212890625,1.7772802271700356,1.0000004768371582,1.3058723390225555e-07
sigmaV2_10_sigmaW2_1,DPFNet-HMC,28,8.474135875701904,0.6935270377894133,1.0000004768371582,1.5078914929239175e-07
sigmaV2_10_sigmaW2_1,DPFNet-HMC,29,10.38520336151123,0.5748179019937965,1.000000524520874,9.536743164062499e-08
sigmaV2_10_sigmaW2_1,DPFNet-HMC,30,12.78033504486084,0.9195645395359392,1.000000548362732,5.840038639982171e-08
sigmaV2_10_sigmaW2_1,DPFNet-HMC,31,12.93345832824707,1.1955661513614784,1.000000524520874,1.215700987241932e-07
sigmaV2_10_sigmaW2_1,DPFNet-HMC,32,12.035185623168946,1.739137228543482,1.0000004291534423,9.536743164062499e-08
sigmaV2_10_sigmaW2_1,DPFNet-HMC,33,8.425739192962647,0.6782198118482717,1.0000003814697265,8.920806376395085e-08
sigmaV2_10_sigmaW2_1,DPFNet-HMC,34,10.145863723754882,0.7692315446631329,1.000000500679016,4.7683715820312496e-08
sigmaV2_10_sigmaW2_1,DPFNet-HMC,35,13.69761028289795,2.221407439428929,1.0000004291534423,1.215700987241932e-07
sigmaV2_10_sigmaW2_1,DPFNet-HMC,36,9.744256210327148,0.8885551711293852,1.00000057220459,8.920806376395085e-08
sigmaV2_10_sigmaW2_1,DPFNet-HMC,37,12.580232238769531,0.6837392062340631,1.0000004291534423,9.5367431640625e-08
sigmaV2_10_sigmaW2_1,DPFNet-HMC,38,11.04277687072754,0.6510324084942889,1.0000004768371582,7.539457464619587e-08
sigmaV2_10_sigmaW2_1,DPFNet-HMC,39,10.060557174682618,0.9917318993317558,1.00000057220459,1.9073486328125e-07
sigmaV2_10_sigmaW2_1,DPFNet-HMC,40,13.796749114990234,0.7918437385497314,1.0000004529953004,8.920806376395086e-08
sigmaV2_10_sigmaW2_1,DPFNet-HMC,41,10.734646606445313,0.8373989861654931,1.0000004291534423,1.215700987241932e-07
sigmaV2_10_sigmaW2_1,DPFNet-HMC,42,11.147930145263672,1.201682359089916,1.0000004291534423,9.536743164062499e-08
sigmaV2_10_sigmaW2_1,DPFNet-HMC,43,11.1762451171875,1.0965867019932374,1.0000004529953004,1.1680077279964343e-07
sigmaV2_10_sigmaW2_1,DPFNet-HMC,44,10.263848304748535,1.2576211478242507,1.0000004053115845,5.840038639982172e-08
sigmaV2_10_sigmaW2_1,DPFNet-HMC,45,14.326529502868652,1.2606048680737039,1.000000548362732,1.6170334775746508e-07
sigmaV2_10_sigmaW2_1,DPFNet-HMC,46,11.345212364196778,1.3781714205921207,1.0000004529953004,8.920806376395085e-08
sigmaV2_10_sigmaW2_1,DPFNet-HMC,47,9.983814811706543,0.9738892295529878,1.0000003814697265,1.1680077279964342e-07
sigmaV2_10_sigmaW2_1,DPFNet-HMC,48,13.057512664794922,0.9731622801839728,1.000000500679016,8.920806376395085e-08
sigmaV2_10_sigmaW2_1,DPFNet-HMC,49,10.091787528991699,0.5246008666778719,1.000000500679016,8.920806376395086e-08
sigmaV2_10_sigmaW2_1,DPFNet-HMC,50,9.124833297729491,0.9211766817707269,1.0000004291534423,1.215700987241932e-07
sigmaV2_10_sigmaW2_1,DPFNet-HMC,51,13.651702308654786,1.0569577169813273,1.000000500679016,8.920806376395086e-08
sigmaV2_10_sigmaW2_1,DPFNet-HMC,52,11.971128845214844,0.6590834649661267,1.0000004768371582,7.539457464619587e-08
sigmaV2_10_sigmaW2_1,DPFNet-HMC,53,12.23181324005127,1.8347729949658242,1.000000548362732,5.840038639982172e-08
sigmaV2_10_sigmaW2_1,DPFNet-HMC,54,8.764770412445069,1.1928238785691587,1.0000004529953004,4.7683715820312496e-08
sigmaV2_10_sigmaW2_1,DPFNet-HMC,55,9.362909507751464,0.46009560848069875,1.000000524520874,1.215700987241932e-07
sigmaV2_10_sigmaW2_1,DPFNet-HMC,56,12.42898998260498,1.2912412239189082,1.0000004768371582,7.539457464619587e-08
sigmaV2_10_sigmaW2_1,DPFNet-HMC,57,10.438553428649902,1.1159848229849845,1.0000004768371582,7.539457464619587e-08
sigmaV2_10_sigmaW2_1,DPFNet-HMC,58,11.6757661819458,0.5544933748670402,1.0000004291534423,1.215700987241932e-07
sigmaV2_10_sigmaW2_1,DPFNet-HMC,59,11.66098403930664,1.3026408092302644,1.0000003814697265,4.7683715820312496e-08
sigmaV2_10_sigmaW2_1,DPFNet-HMC,60,11.073927688598634,1.7843220705961218,1.000000500679016,1.5814899398591043e-07
sigmaV2_10_sigmaW2_1,DPFNet-HMC,61,11.78951416015625,1.106995011233748,1.0000004529953004,1.3902072655785801e-07
sigmaV2_10_sigmaW2_1,DPFNet-HMC,62,11.332758903503418,1.015459526243034,1.0000004768371582,1.5078914929239175e-07
sigmaV2_10_sigmaW2_1,DPFNet-HMC,63,10.469392395019531,1.5710994349424845,1.000000548362732,1.215700987241932e-07
sigmaV2_10_sigmaW2_1,DPFNet-HMC,64,12.15262680053711,1.9968928926683007,1.000000500679016,8.920806376395085e-08
sigmaV2_10_sigmaW2_1,DPFNet-HMC,65,10.315210723876953,1.0941012637862777,1.0000004768371582,1.066240299940009e-07
sigmaV2_10_sigmaW2_1,DPFNet-HMC,66,11.722631645202636,1.3689091919913887,1.000000524520874,5.840038639982172e-08
sigmaV2_10_sigmaW2_1,DPFNet-HMC,67,9.824534606933593,0.9138924676014323,1.0000004291534423,5.840038639982171e-08
sigmaV2_10_sigmaW2_1,DPFNet-HMC,68,9.74557876586914,1.3071520238776584,1.000000548362732,9.5367431640625e-08
sigmaV2_10_sigmaW2_1,DPFNet-HMC,69,13.826458358764649,2.08648034507064,1.0000003576278687,7.539457464619587e-08
sigmaV2_10_sigmaW2_1,DPFNet-HMC,70,9.905269622802734,0.7019538804461237,1.000000548362732,1.6170334775746508e-07
sigmaV2_10_sigmaW2_1,DPFNet-HMC,71,13.716593360900879,1.2306979914420175,1.000000548362732,5.840038639982172e-08
sigmaV2_10_sigmaW2_1,DPFNet-HMC,72,10.540898323059082,1.2110565481621869,1.000000524520874,1.430511474609375e-07
sigmaV2_10_sigmaW2_1,DPFNet-HMC,73,10.577546882629395,1.004983472633397,1.000000548362732,2.2110029448260554e-07
sigmaV2_10_sigmaW2_1,DPFNet-HMC,74,11.632903480529786,1.7898378744067236,1.0000004053115845,1.215700987241932e-07
sigmaV2_10_sigmaW2_1,DPFNet-HMC,75,9.864564132690429,0.9138023924942674,1.0000004768371582,1.6858739404357614e-07
sigmaV2_10_sigmaW2_1,DPFNet-HMC,76,9.632404327392578,0.8098173737026285,1.000000500679016,1.3902072655785801e-07
sigmaV2_10_sigmaW2_1,DPFNet-HMC,77,14.909437370300292,0.7315399595504363,1.000000548362732,1.215700987241932e-07
sigmaV2_10_sigmaW2_1,DPFNet-HMC,78,11.261904525756837,1.2002512334982414,1.000000548362732,5.840038639982172e-08
sigmaV2_10_sigmaW2_1,DPFNet-HMC,79,11.907403564453125,1.41575879765846,1.0000004529953004,1.7520115919946512e-07
sigmaV2_10_sigmaW2_1,DPFNet-HMC,80,10.401972389221191,1.2482980629594367,1.0000003576278687,1.3058723390225555e-07
sigmaV2_10_sigmaW2_1,DPFNet-HMC,81,10.18521556854248,0.6084449298536339,1.000000548362732,1.6170334775746508e-07
sigmaV2_10_sigmaW2_1,DPFNet-HMC,82,12.885441970825195,1.1485737488322785,1.0000004291534423,9.536743164062499e-08
sigmaV2_10_sigmaW2_1,DPFNet-HMC,83,10.827827453613281,1.0554605827244663,1.000000524520874,1.2157009872419322e-07
sigmaV2_10_sigmaW2_1,DPFNet-HMC,84,10.619012260437012,0.4232866850678273,1.00000057220459,4.7683715820312496e-08
sigmaV2_10_sigmaW2_1,DPFNet-HMC,85,12.450367546081543,0.7672259467039596,1.0000006437301636,1.9369216929998303e-07
sigmaV2_10_sigmaW2_1,DPFNet-HMC,86,11.149085807800294,0.38649695394530814,1.0000003814697265,1.1680077279964343e-07
sigmaV2_10_sigmaW2_1,DPFNet-HMC,87,12.300955009460449,1.6664208239587297,1.0000004768371582,0.0
sigmaV2_10_sigmaW2_1,DPFNet-HMC,88,9.23569107055664,1.0452378467282453,1.0000004529953004,1.1680077279964343e-07
sigmaV2_10_sigmaW2_1,DPFNet-HMC,89,9.993210411071777,0.404040018769441,1.0000004768371582,1.3058723390225555e-07
sigmaV2_10_sigmaW2_1,DPFNet-HMC,90,13.555177688598633,0.7002528456117348,1.0000004768371582,1.066240299940009e-07
sigmaV2_10_sigmaW2_1,DPFNet-HMC,91,9.67201633453369,0.5572083723819421,1.0000003814697265,8.920806376395085e-08
sigmaV2_10_sigmaW2_1,DPFNet-HMC,92,12.330926513671875,0.7749544527909107,1.0000004529953004,1.39020726557858e-07
sigmaV2_10_sigmaW2_1,DPFNet-HMC,93,9.717684936523437,1.3178112260307695,1.0000004291534423,5.840038639982171e-08
sigmaV2_10_sigmaW2_1,DPFNet-HMC,94,10.978783798217773,0.5667689071795887,1.000000524520874,9.5367431640625e-08
sigmaV2_10_sigmaW2_1,DPFNet-HMC,95,11.506046867370605,0.619254981276856,1.0000004053115845,1.6170334775746508e-07
sigmaV2_10_sigmaW2_1,DPFNet-HMC,96,10.080980491638183,1.0451050052355708,1.000000548362732,9.5367431640625e-08
sigmaV2_10_sigmaW2_1,DPFNet-HMC,97,10.540246200561523,0.8314422925083448,1.0000004529953004,1.39020726557858e-07
sigmaV2_10_sigmaW2_1,DPFNet-HMC,98,11.490189170837402,1.2040851747042152,1.000000524520874,1.215700987241932e-07
sigmaV2_10_sigmaW2_1,DPFNet-HMC,99,10.992694664001466,0.8664013101638122,1.0000004291534423,9.536743164062499e-08
sigmaV2_10_sigmaW2_1,DPFNet-HMC,100,10.81486930847168,1.4101243432614108,1.000000548362732,5.840038639982172e-08
sigmaV2_10_sigmaW2_1,DPFOT,1,55.39037551879883,2.9773868360097206,357303574.4,114967037.46943086
sigmaV2_10_sigmaW2_1,DPFOT,2,55.361385345458984,11.785791642131379,363983053.6,412918398.3622942
sigmaV2_10_sigmaW2_1,DPFOT,3,37.47403984069824,4.563234238685439,61085028.4,83977035.5204109
sigmaV2_10_sigmaW2_1,DPFOT,4,31.423563766479493,6.359412875301947,404047465.6,219017174.27789706
sigmaV2_10_sigmaW2_1,DPFOT,5,32.906955337524415,6.607721385288366,155041372.0,105846392.31394143
sigmaV2_10_sigmaW2_1,DPFOT,6,37.56044960021973,7.180243128981881,97098729.6,60275027.00914695
sigmaV2_10_sigmaW2_1,DPFOT,7,34.729091262817384,9.463280239857388,278572806.4,207291732.8957022
sigmaV2_10_sigmaW2_1,DPFOT,8,40.721295547485354,10.592846005838412,257846093.6,275124212.4995094
sigmaV2_10_sigmaW2_1,DPFOT,9,37.76626281738281,9.46376182934931,406380860.0,606365773.9381443
sigmaV2_10_sigmaW2_1,DPFOT,10,37.06987762451172,5.299734791481061,404529104.8,233659374.21202046
sigmaV2_10_sigmaW2_1,DPFOT,11,43.90568313598633,13.386445009058358,282655551.2,317097583.29839003
sigmaV2_10_sigmaW2_1,DPFOT,12,34.12589378356934,2.9224378144258294,353773684.9,315790313.1044762
sigmaV2_10_sigmaW2_1,DPFOT,13,35.92314491271973,9.45344650937354,332032784.0,264314295.16702807
sigmaV2_10_sigmaW2_1,DPFOT,14,42.68192367553711,12.638505913794917,238004448.8,182662639.4130604
sigmaV2_10_sigmaW2_1,DPFOT,15,31.29309501647949,2.0662883853500524,73584657.2,39573406.04972578
sigmaV2_10_sigmaW2_1,DPFOT,16,36.88145561218262,14.395014389006278,65400722.4,34969061.5797913
sigmaV2_10_sigmaW2_1,DPFOT,17,36.87436103820801,6.006649731985202,222878320.2,332626904.9767575
sigmaV2_10_sigmaW2_1,DPFOT,18,33.579497528076175,5.52519584382748,84622419.2,49319117.23134319
sigmaV2_10_sigmaW2_1,DPFOT,19,50.17464981079102,10.130314596149734,343992365.6,328609849.0968528
sigmaV2_10_sigmaW2_1,DPFOT,20,35.54401550292969,10.668898684125217,187846654.4,94515091.29165964
sigmaV2_10_sigmaW2_1,DPFOT,21,34.36369743347168,8.70241071393816,191999641.6,191896477.74244618
sigmaV2_10_sigmaW2_1,DPFOT,22,41.06528778076172,11.202312116983313,203881128.8,142446603.47918257
sigmaV2_10_sigmaW2_1,DPFOT,23,35.65575332641602,4.290762514754398,262339313.6,154537931.95992708
sigmaV2_10_sigmaW2_1,DPFOT,24,30.24262351989746,5.898419820729077,159417558.4,96704285.82336494
sigmaV2_10_sigmaW2_1,DPFOT,25,38.439423370361325,4.318565596064751,268788121.6,387450668.86696815
sigmaV2_10_sigmaW2_1,DPFOT,26,27.600640487670898,4.422718238492258,78864328.5,70902724.22106561
sigmaV2_10_sigmaW2_1,DPFOT,27,43.566666793823245,20.92447192498094,333209875.2,155080175.57299748
sigmaV2_10_sigmaW2_1,DPFOT,28,39.57126655578613,8.236079238060839,73728115.0453125,129731330.19863787
sigmaV2_10_sigmaW2_1,DPFOT,29,37.21431655883789,8.340289168276183,392164321.6,263221654.92820266
sigmaV2_10_sigmaW2_1,DPFOT,30,28.75724105834961,3.3258642247655508,160238445.1,143784626.96427622
sigmaV2_10_sigmaW2_1,DPFOT,31,28.949889373779296,1.6181076759231712,59363064.4,76879139.86162893
sigmaV2_10_sigmaW2_1,DPFOT,32,43.13670387268066,16.895461305615466,376380478.2,639581867.3248516
sigmaV2_10_sigmaW2_1,DPFOT,33,42.49914627075195,7.617158684550474,167856643.2,115621505.1386055
sigmaV2_10_sigmaW2_1,DPFOT,34,33.382788467407224,7.906010953297106,132203317.2,92893318.16721666
sigmaV2_10_sigmaW2_1,DPFOT,35,38.95353240966797,6.070060751970854,417853148.8,319642675.17293984
sigmaV2_10_sigmaW2_1,DPFOT,36,32.68415908813476,6.379209860699122,296462817.0,256035628.21363863
sigmaV2_10_sigmaW2_1,DPFOT,37,37.41163024902344,7.878247000659442,216201471.8,207876966.03024128
sigmaV2_10_sigmaW2_1,DPFOT,38,38.25280609130859,3.854029973005039,42293313.5125,57010694.86498468
sigmaV2_10_sigmaW2_1,DPFOT,39,42.11204452514649,8.37826025188611,396836185.6,349419295.6561942
sigmaV2_10_sigmaW2_1,DPFOT,40,49.39448356628418,11.613447770453833,678992907.2,422288484.9588596
sigmaV2_10_sigmaW2_1,DPFOT,41,37.84203948974609,5.979796741858631,267029134.4,131449147.55985512
sigmaV2_10_sigmaW2_1,DPFOT,42,39.56797790527344,13.334446911299395,150433782.4,75587213.9887249
sigmaV2_10_sigmaW2_1,DPFOT,43,32.512864685058595,12.15058759606774,261034364.8,131174521.59866823
sigmaV2_10_sigmaW2_1,DPFOT,44,37.523864364624025,7.700558894255733,145707405.35,260299652.07553464
sigmaV2_10_sigmaW2_1,DPFOT,45,56.65150604248047,12.189914155442377,229661717.8,212147422.47282094
sigmaV2_10_sigmaW2_1,DPFOT,46,38.52727737426758,12.260162251059,253012928.8,190429017.03026584
sigmaV2_10_sigmaW2_1,DPFOT,47,40.33849411010742,8.590484972235677,290572590.4,175317468.10177255
sigmaV2_10_sigmaW2_1,DPFOT,48,37.02430419921875,14.56151117620834,251852224.8,341376940.3720871
sigmaV2_10_sigmaW2_1,DPFOT,49,38.45793533325195,10.817251303246318,195779652.8,59064398.846550964
sigmaV2_10_sigmaW2_1,DPFOT,50,35.05963897705078,10.185697099856748,101761726.0,116236052.03330618
sigmaV2_10_sigmaW2_1,DPFOT,51,38.50869369506836,2.814934925479658,298545642.4,300762913.3796565
sigmaV2_10_sigmaW2_1,DPFOT,52,35.81337471008301,5.905353048625433,135355210.4,91563891.51360449
sigmaV2_10_sigmaW2_1,DPFOT,53,42.468617630004886,24.317489261829795,170761215.6,113888922.67305829
sigmaV2_10_sigmaW2_1,DPFOT,54,40.46727523803711,10.784397517984054,228530572.8,171861107.17272255
sigmaV2_10_sigmaW2_1,DPFOT,55,36.438101577758786,6.895497592617609,108016180.0,98503066.9550914
sigmaV2_10_sigmaW2_1,DPFOT,56,25.87479362487793,6.060211067015196,107948161.0,93090666.1241496
sigmaV2_10_sigmaW2_1,DPFOT,57,41.23512992858887,8.304970849051648,179516730.4,199098341.2746757
sigmaV2_10_sigmaW2_1,DPFOT,58,33.20475692749024,8.71723275778423,86826844.025,87338722.21308602
sigmaV2_10_sigmaW2_1,DPFOT,59,29.839923477172853,5.1920926231492,264992484.0,182099320.19243392
sigmaV2_10_sigmaW2_1,DPFOT,60,34.57588920593262,7.127759690750897,201968312.8,180951892.54226273
sigmaV2_10_sigmaW2_1,DPFOT,61,40.366644287109374,14.032299486934052,258322123.2,104796197.82414398
sigmaV2_10_sigmaW2_1,DPFOT,62,38.99224853515625,4.0885657940563656,570437840.0,334882990.9575868
sigmaV2_10_sigmaW2_1,DPFOT,63,38.80811462402344,10.694357210620566,252144235.2,200683771.24819687
sigmaV2_10_sigmaW2_1,DPFOT,64,36.84535789489746,8.893458080109015,195444329.6,167409626.087599
sigmaV2_10_sigmaW2_1,DPFOT,65,38.817830657958986,4.733315717748533,368717070.4,192169538.89558414
sigmaV2_10_sigmaW2_1,DPFOT,66,34.89345245361328,9.058907537020925,295743677.4,310024836.9716984
sigmaV2_10_sigmaW2_1,DPFOT,67,36.46133117675781,7.158701548418665,338630558.4,294282206.2482365
sigmaV2_10_sigmaW2_1,DPFOT,68,39.10445289611816,18.68474854622266,147463650.6,141866380.07216728
sigmaV2_10_sigmaW2_1,DPFOT,69,41.913542938232425,6.8130580306243695,197862206.4,116290262.91081987
sigmaV2_10_sigmaW2_1,DPFOT,70,43.03084869384766,4.705367295420304,227864154.15,352416451.87079644
sigmaV2_10_sigmaW2_1,DPFOT,71,39.750065612792966,2.961463251615288,278419229.6,162518833.86742172
sigmaV2_10_sigmaW2_1,DPFOT,72,32.423827743530275,6.950225675842507,116797073.6,103549993.36731376
sigmaV2_10_sigmaW2_1,DPFOT,73,38.09288139343262,7.178746661779049,151375983.2,143187678.43136764
sigmaV2_10_sigmaW2_1,DPFOT,74,38.04158592224121,11.293559922287203,89936440.5,71358130.56386977
sigmaV2_10_sigmaW2_1,DPFOT,75,33.94714508056641,6.940538683692745,100036817.6,72901950.32887955
sigmaV2_10_sigmaW2_1,DPFOT,76,34.052957916259764,6.652240399244039,212591260.8,158506541.80892843
sigmaV2_10_sigmaW2_1,DPFOT,77,32.07411346435547,8.396511253982665,273721290.0078125,372025480.83094865
sigmaV2_10_sigmaW2_1,DPFOT,78,32.43186569213867,7.94999788525514,95102041.8,91082867.43584602
sigmaV2_10_sigmaW2_1,DPFOT,79,46.13356742858887,14.277871889304466,286236076.0,415988283.78874314
sigmaV2_10_sigmaW2_1,DPFOT,80,35.51208839416504,6.370971774708708,23062045.8625,27507147.20316053
sigmaV2_10_sigmaW2_1,DPFOT,81,40.560498046875,6.40532847588782,222879681.6,152221653.47574347
sigmaV2_10_sigmaW2_1,DPFOT,82,34.94579963684082,8.007268885940713,82491448.4,70174157.52714637
sigmaV2_10_sigmaW2_1,DPFOT,83,32.97397155761719,12.035482001538565,217418238.4,126895066.80490759
sigmaV2_10_sigmaW2_1,DPFOT,84,31.137612533569335,4.247236947509892,66377733.6078125,45004260.13694488
sigmaV2_10_sigmaW2_1,DPFOT,85,37.06155433654785,12.280319826491048,490454320.0,397793475.5237582
sigmaV2_10_sigmaW2_1,DPFOT,86,34.61268692016601,6.769190130788412,179357336.8,220591739.38657346
sigmaV2_10_sigmaW2_1,DPFOT,87,38.0936939239502,8.549114529249472,102403338.4,68688314.73948388
sigmaV2_10_sigmaW2_1,DPFOT,88,41.37714614868164,5.4055159388118605,327811802.659375,521179824.2342113
sigmaV2_10_sigmaW2_1,DPFOT,89,34.50825233459473,4.1495277099341115,172937060.0,148502318.45138347
sigmaV2_10_sigmaW2_1,DPFOT,90,30.474672317504883,4.39553729769591,149158628.0,162724609.64251694
sigmaV2_10_sigmaW2_1,DPFOT,91,34.9043514251709,5.9840775701318565,125636335.5,101510091.575575
sigmaV2_10_sigmaW2_1,DPFOT,92,42.14090843200684,12.461731319709747,262627870.4,112530161.39729328
sigmaV2_10_sigmaW2_1,DPFOT,93,35.91311454772949,5.8748259407706325,317605044.0,258822754.38998663
sigmaV2_10_sigmaW2_1,DPFOT,94,45.764102172851565,7.15888635949059,364714895.4,321226496.4066492
sigmaV2_10_sigmaW2_1,DPFOT,95,32.7134822845459,9.738518449889025,140814799.2,69088533.80607769
sigmaV2_10_sigmaW2_1,DPFOT,96,31.866898345947266,7.851027576365913,330724004.8,264322437.4404934
sigmaV2_10_sigmaW2_1,DPFOT,97,36.342084121704104,4.795625218091421,271143585.6,257812132.85072073
sigmaV2_10_sigmaW2_1,DPFOT,98,51.032108306884766,10.55955680147166,245307188.8,239471839.8558389
sigmaV2_10_sigmaW2_1,DPFOT,99,40.24656677246094,3.1573509752140247,138844131.2,114821476.88749504
sigmaV2_10_sigmaW2_1,DPFOT,100,42.030374908447264,10.511320519896833,225350051.2,168457888.78516823
sigmaV2_10_sigmaW2_1,DPFOT-HMC,1,53.18642349243164,4.059145958173895,363046713.6,71707800.82866432
sigmaV2_10_sigmaW2_1,DPFOT-HMC,2,39.49373817443848,16.695503497546195,232507883.6,368047949.91333646
sigmaV2_10_sigmaW2_1,DPFOT-HMC,3,40.0088508605957,21.910322725007767,216697217.8,315934787.1116225
sigmaV2_10_sigmaW2_1,DPFOT-HMC,4,29.694242477416992,4.925208709561913,212906872.0,197530406.64956784
sigmaV2_10_sigmaW2_1,DPFOT-HMC,5,29.17418670654297,4.9475327818873955,97876035.0,76623753.14137916
sigmaV2_10_sigmaW2_1,DPFOT-HMC,6,31.479149627685548,6.286107667850503,120227554.0,135114472.54777107
sigmaV2_10_sigmaW2_1,DPFOT-HMC,7,27.71240577697754,5.496732341994518,76917719.6,81760018.01459545
sigmaV2_10_sigmaW2_1,DPFOT-HMC,8,35.97186012268067,5.729891287435321,142930042.4,107727743.27027658
sigmaV2_10_sigmaW2_1,DPFOT-HMC,9,34.62142219543457,11.855805263177977,142876054.6,157523591.96550912
sigmaV2_10_sigmaW2_1,DPFOT-HMC,10,39.58662414550781,4.245709771846052,358896999.2,256710782.00333166
sigmaV2_10_sigmaW2_1,DPFOT-HMC,11,38.45032806396485,5.1385301043660325,120828162.8,135243306.88499084
sigmaV2_10_sigmaW2_1,DPFOT-HMC,12,27.41112365722656,6.146975241288484,318940650.4,314337048.209861
sigmaV2_10_sigmaW2_1,DPFOT-HMC,13,28.791983795166015,3.927482146363289,236591476.8,104737870.36705069
sigmaV2_10_sigmaW2_1,DPFOT-HMC,14,35.79180679321289,8.186312452227428,183260569.2,187766948.08157912
sigmaV2_10_sigmaW2_1,DPFOT-HMC,15,30.33144874572754,3.0881969398927724,109392626.8,61605571.31105194
sigmaV2_10_sigmaW2_1,DPFOT-HMC,16,33.56407127380371,18.688891931456112,250500897.34453124,381509093.8386193
sigmaV2_10_sigmaW2_1,DPFOT-HMC,17,39.09274177551269,9.064171500906063,399504361.6,177695066.3901907
sigmaV2_10_sigmaW2_1,DPFOT-HMC,18,30.813833236694336,5.347210821211104,169243602.4,169746879.29803783
sigmaV2_10_sigmaW2_1,DPFOT-HMC,19,37.68358726501465,10.929703677910561,229496214.4,212980946.73130038
sigmaV2_10_sigmaW2_1,DPFOT-HMC,20,34.97243957519531,7.841583433752018,204086033.6,138550028.20047137
sigmaV2_10_sigmaW2_1,DPFOT-HMC,21,34.19641799926758,8.524169448360137,145501229.4,160525898.35505927
sigmaV2_10_sigmaW2_1,DPFOT-HMC,22,42.930310821533205,4.5676136992441565,131945272.0,106113284.20386268
sigmaV2_10_sigmaW2_1,DPFOT-HMC,23,42.212738037109375,6.821784187088474,186314402.8,114479051.59157197
sigmaV2_10_sigmaW2_1,DPFOT-HMC,24,35.17606315612793,13.77995333605375,291429291.2,208061001.3171002
sigmaV2_10_sigmaW2_1,DPFOT-HMC,25,33.84877815246582,5.232698432446641,314429968.8,207814092.54030785
sigmaV2_10_sigmaW2_1,DPFOT-HMC,26,31.003419876098633,7.673075578270854,198966409.0,148979799.30679956
sigmaV2_10_sigmaW2_1,DPFOT-HMC,27,29.094433212280272,9.781314237618474,166793067.6,193300576.40089154
sigmaV2_10_sigmaW2_1,DPFOT-HMC,28,35.45314178466797,7.9841465709640485,5080239.6554199215,5775074.195305574
sigmaV2_10_sigmaW2_1,DPFOT-HMC,29,38.893272399902344,7.903017831163559,376313548.8,136645995.9763471
sigmaV2_10_sigmaW2_1,DPFOT-HMC,30,33.14911994934082,7.189606115486204,312657876.8,200541679.17454207
sigmaV2_10_sigmaW2_1,DPFOT-HMC,31,47.5458869934082,8.771400275298198,207620951.4,159608283.95699534
sigmaV2_10_sigmaW2_1,DPFOT-HMC,32,43.72879333496094,8.642492735507378,247341668.8,239867921.22754413
sigmaV2_10_sigmaW2_1,DPFOT-HMC,33,32.78455352783203,5.691345608226976,37019994.6,25634196.185163766
sigmaV2_10_sigmaW2_1,DPFOT-HMC,34,25.50368537902832,2.8604199485615167,103850178.8,44961819.03646543
sigmaV2_10_sigmaW2_1,DPFOT-HMC,35,30.10215950012207,6.912736708734028,326292451.2,136042012.69126308
sigmaV2_10_sigmaW2_1,DPFOT-HMC,36,32.43814353942871,2.9496015569713903,221306612.509375,212968318.48745868
sigmaV2_10_sigmaW2_1,DPFOT-HMC,37,41.44196891784668,7.438487350706146,239576012.8,208334402.17690763
sigmaV2_10_sigmaW2_1,DPFOT-HMC,38,36.24710807800293,5.693704590079079,295287301.5,243542218.33103576
sigmaV2_10_sigmaW2_1,DPFOT-HMC,39,36.14884452819824,5.372365205676834,219520336.8,176540551.80858478
sigmaV2_10_sigmaW2_1,DPFOT-HMC,40,31.885988616943358,10.341830348401828,80946830.5,64930541.399473995
sigmaV2_10_sigmaW2_1,DPFOT-HMC,41,27.843224716186523,9.918705926264503,205018490.0,201563681.91467798
sigmaV2_10_sigmaW2_1,DPFOT-HMC,42,39.674765014648436,8.233516963961145,207884144.0,173539877.81873322
sigmaV2_10_sigmaW2_1,DPFOT-HMC,43,37.38053245544434,11.613567918864875,222681662.4,197332040.39167163
sigmaV2_10_sigmaW2_1,DPFOT-HMC,44,39.08594665527344,5.109886147448947,364536486.0,273498350.4694797
sigmaV2_10_sigmaW2_1,DPFOT-HMC,45,38.41221389770508,12.29190387209111,194379259.2,96348308.44485769
sigmaV2_10_sigmaW2_1,DPFOT-HMC,46,35.04621810913086,13.790848461344023,179236024.8,178433890.44955802
sigmaV2_10_sigmaW2_1,DPFOT-HMC,47,34.62036895751953,8.247685729873245,130344423.2,73554561.96550965
sigmaV2_10_sigmaW2_1,DPFOT-HMC,48,39.181156921386716,6.336358971712509,416119352.75,365577863.4573821
sigmaV2_10_sigmaW2_1,DPFOT-HMC,49,35.55795783996582,7.805679319325574,96798782.2,91562454.37231041
sigmaV2_10_sigmaW2_1,DPFOT-HMC,50,35.033032989501955,9.664257128331789,267064882.0,238954198.89780286
sigmaV2_10_sigmaW2_1,DPFOT-HMC,51,28.675787734985352,7.9541347499433,364138264.0,227360617.96916
sigmaV2_10_sigmaW2_1,DPFOT-HMC,52,40.363067626953125,4.5346427958890745,117816052.8,87135767.22298758
sigmaV2_10_sigmaW2_1,DPFOT-HMC,53,48.528770446777344,11.401161682760323,259658697.2,246874755.62200323
sigmaV2_10_sigmaW2_1,DPFOT-HMC,54,36.19715003967285,4.570380000568945,182053308.8,146286297.6427575
sigmaV2_10_sigmaW2_1,DPFOT-HMC,55,33.30996551513672,9.000102922732257,207027063.2,190248765.71544325
sigmaV2_10_sigmaW2_1,DPFOT-HMC,56,25.410046768188476,12.943456533572894,110223194.41054687,152582747.0949335
sigmaV2_10_sigmaW2_1,DPFOT-HMC,57,30.43436508178711,10.813996148355365,94912417.665625,85830171.49874304
sigmaV2_10_sigmaW2_1,DPFOT-HMC,58,47.0292163848877,13.398758694274706,352635174.25,397711418.42346627
sigmaV2_10_sigmaW2_1,DPFOT-HMC,59,27.18081283569336,5.940801223114714,163989080.0,82634138.2868075
sigmaV2_10_sigmaW2_1,DPFOT-HMC,60,41.603009414672854,15.404484484011173,165039979.8234375,111442222.6250292
sigmaV2_10_sigmaW2_1,DPFOT-HMC,61,26.817529678344727,7.059616500775351,177603658.8,119084194.62152696
sigmaV2_10_sigmaW2_1,DPFOT-HMC,62,28.097043991088867,10.474886888781402,157792959.2,89413243.03742574
sigmaV2_10_sigmaW2_1,DPFOT-HMC,63,40.775597763061526,10.702940897230244,125865570.4,159568528.24648848
sigmaV2_10_sigmaW2_1,DPFOT-HMC,64,33.85770835876465,14.124355694530221,256953549.8,201041927.08629385
sigmaV2_10_sigmaW2_1,DPFOT-HMC,65,38.4382438659668,11.636446892105202,49579791.6,29250829.271957688
sigmaV2_10_sigmaW2_1,DPFOT-HMC,66,34.04576797485352,7.030674120742563,153671746.8,97120199.20193864
sigmaV2_10_sigmaW2_1,DPFOT-HMC,67,32.17959365844727,7.166103720302119,340593068.8,276065247.2905849
sigmaV2_10_sigmaW2_1,DPFOT-HMC,68,30.785778045654297,2.015082885065878,102795603.2,64117862.923362225
sigmaV2_10_sigmaW2_1,DPFOT-HMC,69,35.13849563598633,13.369661222028267,512748936.0,644833429.6698792
sigmaV2_10_sigmaW2_1,DPFOT-HMC,70,40.38434677124023,4.372868480869784,40968243.0,35825578.702905096
sigmaV2_10_sigmaW2_1,DPFOT-HMC,71,38.45168914794922,9.547401063274178,292804848.0,132010711.28501835
sigmaV2_10_sigmaW2_1,DPFOT-HMC,72,32.52500228881836,7.7286808494829415,295133179.2,145352003.40966448
sigmaV2_10_sigmaW2_1,DPFOT-HMC,73,36.10949363708496,4.616322358126791,442245917.8,331358917.55773205
sigmaV2_10_sigmaW2_1,DPFOT-HMC,74,36.438480377197266,10.663470827950345,243811751.39375,144375000.1728283
sigmaV2_10_sigmaW2_1,DPFOT-HMC,75,30.69507713317871,8.144183527286973,108489519.9,126453321.98005363
sigmaV2_10_sigmaW2_1,DPFOT-HMC,76,44.5906421661377,12.691745904668837,206854132.8,122377020.3025759
sigmaV2_10_sigmaW2_1,DPFOT-HMC,77,33.17648620605469,9.155089492998995,59388260.5109375,29681240.21154483
sigmaV2_10_sigmaW2_1,DPFOT-HMC,78,28.812633895874022,6.740798519935308,216646320.0,205684852.1604939
sigmaV2_10_sigmaW2_1,DPFOT-HMC,79,37.025414657592776,6.885099615323558,68263324.8,46214128.84135292
sigmaV2_10_sigmaW2_1,DPFOT-HMC,80,36.724945068359375,2.757514197605834,36668519.84140625,49286279.38810402
sigmaV2_10_sigmaW2_1,DPFOT-HMC,81,48.41585464477539,5.099929457903535,378634312.8,277203797.3821674
sigmaV2_10_sigmaW2_1,DPFOT-HMC,82,43.028435134887694,10.983937669072775,224664864.23125,303702153.4237239
sigmaV2_10_sigmaW2_1,DPFOT-HMC,83,30.249633407592775,9.105628490512823,265139946.46230468,263385892.8420855
sigmaV2_10_sigmaW2_1,DPFOT-HMC,84,32.447932434082034,8.217685151119749,242875312.05859375,307416984.2346229
sigmaV2_10_sigmaW2_1,DPFOT-HMC,85,27.531444549560547,10.88840116131956,377904660.8,314996197.4389702
sigmaV2_10_sigmaW2_1,DPFOT-HMC,86,35.11293525695801,7.331960850378867,335640973.2,559497416.1599668
sigmaV2_10_sigmaW2_1,DPFOT-HMC,87,51.44447402954101,16.262003854711004,374363339.2,385936589.49653476
sigmaV2_10_sigmaW2_1,DPFOT-HMC,88,45.03608322143555,7.865199788185426,480148107.2,576278007.2120274
sigmaV2_10_sigmaW2_1,DPFOT-HMC,89,36.6030818939209,13.009611408019298,324715721.6,272501755.98234063
sigmaV2_10_sigmaW2_1,DPFOT-HMC,90,29.143728256225586,8.137905322620755,228071059.2,74299905.90321007
sigmaV2_10_sigmaW2_1,DPFOT-HMC,91,32.86619834899902,4.477518300103934,112606854.5375,170808034.63121524
sigmaV2_10_sigmaW2_1,DPFOT-HMC,92,39.86567840576172,10.563764780128441,152903833.2,111399265.36128837
sigmaV2_10_sigmaW2_1,DPFOT-HMC,93,36.360998916625974,6.025277869474455,173156386.4,133903757.81420816
sigmaV2_10_sigmaW2_1,DPFOT-HMC,94,45.078277587890625,8.817820282391905,94965767.2,67976198.49281545
sigmaV2_10_sigmaW2_1,DPFOT-HMC,95,41.12095909118652,10.492520979404212,317445196.8,342293358.2379673
sigmaV2_10_sigmaW2_1,DPFOT-HMC,96,27.91999206542969,8.367387118416914,105219536.0,89634868.24853572
sigmaV2_10_sigmaW2_1,DPFOT-HMC,97,33.21745223999024,11.886066033737881,186196746.4,179390503.05470732
sigmaV2_10_sigmaW2_1,DPFOT-HMC,98,37.78604507446289,5.577979025312649,145863403.6,115844229.04861909
sigmaV2_10_sigmaW2_1,DPFOT-HMC,99,36.37055931091309,8.800638356965313,155644629.6,123255469.16691604
sigmaV2_10_sigmaW2_1,DPFOT-HMC,100,42.789053726196286,14.407620965469077,189710357.7078125,246268285.9188386
sigmaV2_10_sigmaW2_1,DPFS,1,0.0,0.0,1.0000001430511474,4.7683715820312496e-08
sigmaV2_10_sigmaW2_1,DPFS,2,0.0,0.0,1.0000001430511474,4.7683715820312496e-08
sigmaV2_10_sigmaW2_1,DPFS,3,0.0,0.0,1.0000003099441528,5.840038639982171e-08
sigmaV2_10_sigmaW2_1,DPFS,4,0.0,0.0,1.0000002145767213,4.7683715820312496e-08
sigmaV2_10_sigmaW2_1,DPFS,5,0.0,0.0,1.0000002145767213,8.920806376395085e-08
sigmaV2_10_sigmaW2_1,DPFS,6,0.0,0.0,1.0000001907348632,5.840038639982172e-08
sigmaV2_10_sigmaW2_1,DPFS,7,0.0,0.0,1.000000262260437,1.39020726557858e-07
sigmaV2_10_sigmaW2_1,DPFS,8,0.0,0.0,1.0000003576278687,2.384185791015625e-07
sigmaV2_10_sigmaW2_1,DPFS,9,0.0,0.0,1.0000001907348632,5.840038639982172e-08
sigmaV2_10_sigmaW2_1,DPFS,10,0.0,0.0,1.0000001907348632,5.840038639982172e-08
sigmaV2_10_sigmaW2_1,DPFS,11,0.0,0.0,1.0000001668930054,5.840038639982172e-08
sigmaV2_10_sigmaW2_1,DPFS,12,0.0,0.0,1.000000238418579,1.066240299940009e-07
sigmaV2_10_sigmaW2_1,DPFS,13,0.0,0.0,1.0000002145767213,8.920806376395085e-08
sigmaV2_10_sigmaW2_1,DPFS,14,0.0,0.0,1.0000002145767213,4.7683715820312496e-08
sigmaV2_10_sigmaW2_1,DPFS,15,0.0,0.0,1.0000001668930054,5.840038639982171e-08
sigmaV2_10_sigmaW2_1,DPFS,16,0.0,0.0,1.000000238418579,7.539457464619587e-08
sigmaV2_10_sigmaW2_1,DPFS,17,0.0,0.0,1.0000002145767213,4.76837158203125e-08
sigmaV2_10_sigmaW2_1,DPFS,18,0.0,0.0,1.000000262260437,1.1680077279964343e-07
sigmaV2_10_sigmaW2_1,DPFS,19,0.0,0.0,1.000000238418579,1.3058723390225555e-07
sigmaV2_10_sigmaW2_1,DPFS,20,0.0,0.0,1.000000286102295,1.215700987241932e-07
sigmaV2_10_sigmaW2_1,DPFS,21,0.0,0.0,1.0000001668930054,9.536743164062499e-08
sigmaV2_10_sigmaW2_1,DPFS,22,0.0,0.0,1.0000001907348632,5.840038639982172e-08
sigmaV2_10_sigmaW2_1,DPFS,23,0.0,0.0,1.0000001430511474,4.7683715820312496e-08
sigmaV2_10_sigmaW2_1,DPFS,24,0.0,0.0,1.0000001907348632,5.840038639982172e-08
sigmaV2_10_sigmaW2_1,DPFS,25,0.0,0.0,1.000000286102295,1.215700987241932e-07
sigmaV2_10_sigmaW2_1,DPFS,26,0.0,0.0,1.0000002145767213,4.7683715820312496e-08
sigmaV2_10_sigmaW2_1,DPFS,27,0.0,0.0,1.0000003099441528,1.215700987241932e-07
sigmaV2_10_sigmaW2_1,DPFS,28,0.0,0.0,1.0000002145767213,8.920806376395085e-08
sigmaV2_10_sigmaW2_1,DPFS,29,0.0,0.0,1.0000001668930054,5.840038639982171e-08
sigmaV2_10_sigmaW2_1,DPFS,30,0.0,0.0,1.0000002145767213,8.920806376395085e-08
sigmaV2_10_sigmaW2_1,DPFS,31,0.0,0.0,1.000000238418579,7.539457464619587e-08
sigmaV2_10_sigmaW2_1,DPFS,32,0.0,0.0,1.0000002145767213,8.920806376395085e-08
sigmaV2_10_sigmaW2_1,DPFS,33,0.0,0.0,1.0000002145767213,8.920806376395085e-08
sigmaV2_10_sigmaW2_1,DPFS,34,0.0,0.0,1.0000002145767213,4.76837158203125e-08
sigmaV2_10_sigmaW2_1,DPFS,35,0.0,0.0,1.0000002145767213,8.920806376395085e-08
sigmaV2_10_sigmaW2_1,DPFS,36,0.0,0.0,1.000000262260437,1.1680077279964343e-07
sigmaV2_10_sigmaW2_1,DPFS,37,0.0,0.0,1.0000001668930054,5.840038639982172e-08
sigmaV2_10_sigmaW2_1,DPFS,38,0.0,0.0,1.0000001907348632,1.430511474609375e-07
sigmaV2_10_sigmaW2_1,DPFS,39,0.0,0.0,1.000000238418579,0.0
sigmaV2_10_sigmaW2_1,DPFS,40,0.0,0.0,1.0000001907348632,5.840038639982171e-08
sigmaV2_10_sigmaW2_1,DPFS,41,0.0,0.0,1.0000001430511474,4.7683715820312496e-08
sigmaV2_10_sigmaW2_1,DPFS,42,0.0,0.0,1.0000002145767213,8.920806376395085e-08
sigmaV2_10_sigmaW2_1,DPFS,43,0.0,0.0,1.0000001430511474,4.7683715820312496e-08
sigmaV2_10_sigmaW2_1,DPFS,44,0.0,0.0,1.0000001907348632,5.840038639982171e-08
sigmaV2_10_sigmaW2_1,DPFS,45,0.0,0.0,1.0000001668930054,5.840038639982172e-08
sigmaV2_10_sigmaW2_1,DPFS,46,0.0,0.0,1.0000001430511474,4.76837158203125e-08
sigmaV2_10_sigmaW2_1,DPFS,47,0.0,0.0,1.000000262260437,4.7683715820312496e-08
sigmaV2_10_sigmaW2_1,DPFS,48,0.0,0.0,1.0000001907348632,5.840038639982172e-08
sigmaV2_10_sigmaW2_1,DPFS,49,0.0,0.0,1.0000001430511474,4.7683715820312496e-08
sigmaV2_10_sigmaW2_1,DPFS,50,0.0,0.0,1.000000262260437,8.920806376395085e-08
sigmaV2_10_sigmaW2_1,DPFS,51,0.0,0.0,1.0000002145767213,8.920806376395085e-08
sigmaV2_10_sigmaW2_1,DPFS,52,0.0,0.0,1.0000003814697265,1.3902072655785801e-07
sigmaV2_10_sigmaW2_1,DPFS,53,0.0,0.0,1.000000238418579,7.539457464619587e-08
sigmaV2_10_sigmaW2_1,DPFS,54,0.0,0.0,1.0000001907348632,5.840038639982172e-08
sigmaV2_10_sigmaW2_1,DPFS,55,0.0,0.0,1.0000001907348632,5.840038639982172e-08
sigmaV2_10_sigmaW2_1,DPFS,56,0.0,0.0,1.000000286102295,9.536743164062499e-08
sigmaV2_10_sigmaW2_1,DPFS,57,0.0,0.0,1.000000238418579,7.539457464619587e-08
sigmaV2_10_sigmaW2_1,DPFS,58,0.0,0.0,1.0000002145767213,8.920806376395086e-08
sigmaV2_10_sigmaW2_1,DPFS,59,0.0,0.0,1.0000001668930054,5.840038639982172e-08
sigmaV2_10_sigmaW2_1,DPFS,60,0.0,0.0,1.0000001907348632,5.840038639982172e-08
sigmaV2_10_sigmaW2_1,DPFS,61,0.0,0.0,1.0000001430511474,8.920806376395085e-08
sigmaV2_10_sigmaW2_1,DPFS,62,0.0,0.0,1.000000238418579,1.5078914929239175e-07
sigmaV2_10_sigmaW2_1,DPFS,63,0.0,0.0,1.000000500679016,4.156969970265077e-07
sigmaV2_10_sigmaW2_1,DPFS,64,0.0,0.0,1.0000001668930054,5.840038639982172e-08
sigmaV2_10_sigmaW2_1,DPFS,65,0.0,0.0,1.000000286102295,1.2157009872419322e-07
sigmaV2_10_sigmaW2_1,DPFS,66,0.0,0.0,1.000000262260437,1.3902072655785801e-07
sigmaV2_10_sigmaW2_1,DPFS,67,0.0,0.0,1.000000286102295,1.784161275279017e-07
sigmaV2_10_sigmaW2_1,DPFS,68,0.0,0.0,1.0000001907348632,9.5367431640625e-08
sigmaV2_10_sigmaW2_1,DPFS,69,0.0,0.0,1.0000001907348632,5.840038639982172e-08
sigmaV2_10_sigmaW2_1,DPFS,70,0.0,0.0,1.0000003099441528,2.2110029448260554e-07
sigmaV2_10_sigmaW2_1,DPFS,71,0.0,0.0,1.0000003099441528,2.0784849851325385e-07
sigmaV2_10_sigmaW2_1,DPFS,72,0.0,0.0,1.0000002145767213,8.920806376395085e-08
sigmaV2_10_sigmaW2_1,DPFS,73,0.0,0.0,1.0000002145767213,8.920806376395085e-08
sigmaV2_10_sigmaW2_1,DPFS,74,0.0,0.0,1.0000002145767213,8.920806376395085e-08
sigmaV2_10_sigmaW2_1,DPFS,75,0.0,0.0,1.0000001668930054,9.536743164062499e-08
sigmaV2_10_sigmaW2_1,DPFS,76,0.0,0.0,1.0000001907348632,5.840038639982171e-08
sigmaV2_10_sigmaW2_1,DPFS,77,0.0,0.0,1.0000002145767213,1.1680077279964343e-07
sigmaV2_10_sigmaW2_1,DPFS,78,0.0,0.0,1.000000286102295,5.840038639982172e-08
sigmaV2_10_sigmaW2_1,DPFS,79,0.0,0.0,1.0000001907348632,5.840038639982172e-08
sigmaV2_10_sigmaW2_1,DPFS,80,0.0,0.0,1.0000001907348632,5.840038639982172e-08
sigmaV2_10_sigmaW2_1,DPFS,81,0.0,0.0,1.000000286102295,1.430511474609375e-07
sigmaV2_10_sigmaW2_1,DPFS,82,0.0,0.0,1.000000238418579,1.066240299940009e-07
sigmaV2_10_sigmaW2_1,DPFS,83,0.0,0.0,1.000000286102295,5.840038639982171e-08
sigmaV2_10_sigmaW2_1,DPFS,84,0.0,0.0,1.000000286102295,9.536743164062499e-08
sigmaV2_10_sigmaW2_1,DPFS,85,0.0,0.0,1.000000238418579,0.0
sigmaV2_10_sigmaW2_1,DPFS,86,0.0,0.0,1.000000238418579,7.539457464619587e-08
sigmaV2_10_sigmaW2_1,DPFS,87,0.0,0.0,1.000000238418579,7.539457464619587e-08
sigmaV2_10_sigmaW2_1,DPFS,88,0.0,0.0,1.000000286102295,5.840038639982171e-08
sigmaV2_10_sigmaW2_1,DPFS,89,0.0,0.0,1.0000002145767213,4.7683715820312496e-08
sigmaV2_10_sigmaW2_1,DPFS,90,0.0,0.0,1.000000262260437,8.920806376395085e-08
sigmaV2_10_sigmaW2_1,DPFS,91,0.0,0.0,1.000000238418579,7.539457464619587e-08
sigmaV2_10_sigmaW2_1,DPFS,92,0.0,0.0,1.000000500679016,3.568322550558034e-07
sigmaV2_10_sigmaW2_1,DPFS,93,0.0,0.0,1.000000286102295,9.5367431640625e-08
sigmaV2_10_sigmaW2_1,DPFS,94,0.0,0.0,1.0000001668930054,5.840038639982171e-08
sigmaV2_10_sigmaW2_1,DPFS,95,0.0,0.0,1.000000262260437,1.1680077279964343e-07
sigmaV2_10_sigmaW2_1,DPFS,96,0.0,0.0,1.000000238418579,7.539457464619587e-08
sigmaV2_10_sigmaW2_1,DPFS,97,0.0,0.0,1.0000002145767213,8.920806376395085e-08
sigmaV2_10_sigmaW2_1,DPFS,98,0.0,0.0,1.0000002145767213,8.920806376395085e-08
sigmaV2_10_sigmaW2_1,DPFS,99,0.0,0.0,1.000000238418579,7.539457464619587e-08
sigmaV2_10_sigmaW2_1,DPFS,100,0.0,0.0,1.0000001430511474,4.7683715820312496e-08
sigmaV2_10_sigmaW2_1,IPFPF,1,0.0,0.0,1.0000001430511474,4.7683715820312496e-08
sigmaV2_10_sigmaW2_1,IPFPF,2,0.0,0.0,1.0000001430511474,8.920806376395085e-08
sigmaV2_10_sigmaW2_1,IPFPF,3,0.0,0.0,1.0000002145767213,4.7683715820312496e-08
sigmaV2_10_sigmaW2_1,IPFPF,4,0.0,0.0,1.0000001668930054,5.840038639982172e-08
sigmaV2_10_sigmaW2_1,IPFPF,5,0.0,0.0,1.0000001668930054,5.840038639982172e-08
sigmaV2_10_sigmaW2_1,IPFPF,6,0.0,0.0,1.0000001668930054,5.840038639982171e-08
sigmaV2_10_sigmaW2_1,IPFPF,7,0.0,0.0,1.0000001430511474,8.920806376395085e-08
sigmaV2_10_sigmaW2_1,IPFPF,8,0.0,0.0,1.0000001668930054,5.840038639982172e-08
sigmaV2_10_sigmaW2_1,IPFPF,9,0.0,0.0,1.0000002145767213,8.920806376395086e-08
sigmaV2_10_sigmaW2_1,IPFPF,10,0.0,0.0,1.0000001192092896,7.539457464619587e-08
sigmaV2_10_sigmaW2_1,IPFPF,11,0.0,0.0,1.0000001907348632,5.840038639982171e-08
sigmaV2_10_sigmaW2_1,IPFPF,12,0.0,0.0,1.0000000953674317,8.920806376395085e-08
sigmaV2_10_sigmaW2_1,IPFPF,13,0.0,0.0,1.0000001907348632,9.536743164062499e-08
sigmaV2_10_sigmaW2_1,IPFPF,14,0.0,0.0,1.0000001430511474,4.7683715820312496e-08
sigmaV2_10_sigmaW2_1,IPFPF,15,0.0,0.0,1.0000001430511474,8.920806376395086e-08
sigmaV2_10_sigmaW2_1,IPFPF,16,0.0,0.0,1.0000001430511474,4.76837158203125e-08
sigmaV2_10_sigmaW2_1,IPFPF,17,0.0,0.0,1.0000001430511474,4.7683715820312496e-08
sigmaV2_10_sigmaW2_1,IPFPF,18,0.0,0.0,1.0000001430511474,8.920806376395085e-08
sigmaV2_10_sigmaW2_1,IPFPF,19,0.0,0.0,1.0000001668930054,5.840038639982172e-08
sigmaV2_10_sigmaW2_1,IPFPF,20,0.0,0.0,1.0000001668930054,5.840038639982172e-08
sigmaV2_10_sigmaW2_1,IPFPF,21,0.0,0.0,1.0000001430511474,8.920806376395085e-08
sigmaV2_10_sigmaW2_1,IPFPF,22,0.0,0.0,1.000000238418579,0.0
sigmaV2_10_sigmaW2_1,IPFPF,23,0.0,0.0,1.0000000953674317,8.920806376395085e-08
sigmaV2_10_sigmaW2_1,IPFPF,24,0.0,0.0,1.0000001430511474,4.7683715820312496e-08
sigmaV2_10_sigmaW2_1,IPFPF,25,0.0,0.0,1.0000001668930054,5.840038639982172e-08
sigmaV2_10_sigmaW2_1,IPFPF,26,0.0,0.0,1.0000002145767213,8.920806376395086e-08
sigmaV2_10_sigmaW2_1,IPFPF,27,0.0,0.0,1.0000001668930054,9.536743164062499e-08
sigmaV2_10_sigmaW2_1,IPFPF,28,0.0,0.0,1.0000001192092896,7.539457464619587e-08
sigmaV2_10_sigmaW2_1,IPFPF,29,0.0,0.0,1.0000001668930054,5.840038639982172e-08
sigmaV2_10_sigmaW2_1,IPFPF,30,0.0,0.0,1.0000001430511474,8.920806376395085e-08
sigmaV2_10_sigmaW2_1,IPFPF,31,0.0,0.0,1.0000000953674317,4.7683715820312496e-08
sigmaV2_10_sigmaW2_1,IPFPF,32,0.0,0.0,1.0000001668930054,5.840038639982172e-08
sigmaV2_10_sigmaW2_1,IPFPF,33,0.0,0.0,1.0000001192092896,7.539457464619587e-08
sigmaV2_10_sigmaW2_1,IPFPF,34,0.0,0.0,1.0000001907348632,9.536743164062499e-08
sigmaV2_10_sigmaW2_1,IPFPF,35,0.0,0.0,1.0000001430511474,4.7683715820312496e-08
sigmaV2_10_sigmaW2_1,IPFPF,36,0.0,0.0,1.0000002145767213,4.76837158203125e-08
sigmaV2_10_sigmaW2_1,IPFPF,37,0.0,0.0,1.0000001430511474,8.920806376395085e-08
sigmaV2_10_sigmaW2_1,IPFPF,38,0.0,0.0,1.0000002145767213,4.7683715820312496e-08
sigmaV2_10_sigmaW2_1,IPFPF,39,0.0,0.0,1.0000001668930054,5.840038639982172e-08
sigmaV2_10_sigmaW2_1,IPFPF,40,0.0,0.0,1.0000001907348632,9.5367431640625e-08
sigmaV2_10_sigmaW2_1,IPFPF,41,0.0,0.0,1.0000001668930054,1.215700987241932e-07
sigmaV2_10_sigmaW2_1,IPFPF,42,0.0,0.0,1.0000001192092896,0.0
sigmaV2_10_sigmaW2_1,IPFPF,43,0.0,0.0,1.0000001907348632,5.840038639982172e-08
sigmaV2_10_sigmaW2_1,IPFPF,44,0.0,0.0,1.0000001668930054,5.840038639982171e-08
sigmaV2_10_sigmaW2_1,IPFPF,45,0.0,0.0,1.0000001668930054,5.840038639982172e-08
sigmaV2_10_sigmaW2_1,IPFPF,46,0.0,0.0,1.0000001668930054,5.840038639982172e-08
sigmaV2_10_sigmaW2_1,IPFPF,47,0.0,0.0,1.0000001430511474,4.7683715820312496e-08
sigmaV2_10_sigmaW2_1,IPFPF,48,0.0,0.0,1.0000001430511474,8.920806376395085e-08
sigmaV2_10_sigmaW2_1,IPFPF,49,0.0,0.0,1.000000238418579,7.539457464619587e-08
sigmaV2_10_sigmaW2_1,IPFPF,50,0.0,0.0,1.0000001192092896,7.539457464619587e-08
sigmaV2_10_sigmaW2_1,IPFPF,51,0.0,0.0,1.0000001668930054,5.840038639982172e-08
sigmaV2_10_sigmaW2_1,IPFPF,52,0.0,0.0,1.0000001668930054,1.215700987241932e-07
sigmaV2_10_sigmaW2_1,IPFPF,53,0.0,0.0,1.0000001668930054,5.840038639982171e-08
sigmaV2_10_sigmaW2_1,IPFPF,54,0.0,0.0,1.0000001668930054,5.840038639982172e-08
sigmaV2_10_sigmaW2_1,IPFPF,55,0.0,0.0,1.0000001430511474,8.920806376395086e-08
sigmaV2_10_sigmaW2_1,IPFPF,56,0.0,0.0,1.0000001907348632,5.840038639982172e-08
sigmaV2_10_sigmaW2_1,IPFPF,57,0.0,0.0,1.0000001430511474,4.7683715820312496e-08
sigmaV2_10_sigmaW2_1,IPFPF,58,0.0,0.0,1.0000000953674317,4.7683715820312496e-08
sigmaV2_10_sigmaW2_1,IPFPF,59,0.0,0.0,1.0000001430511474,4.7683715820312496e-08
sigmaV2_10_sigmaW2_1,IPFPF,60,0.0,0.0,1.0000001192092896,0.0
sigmaV2_10_sigmaW2_1,IPFPF,61,0.0,0.0,1.0000001907348632,5.840038639982172e-08
sigmaV2_10_sigmaW2_1,IPFPF,62,0.0,0.0,1.0000001907348632,1.215700987241932e-07
sigmaV2_10_sigmaW2_1,IPFPF,63,0.0,0.0,1.0000001907348632,9.536743164062499e-08
sigmaV2_10_sigmaW2_1,IPFPF,64,0.0,0.0,1.0000001907348632,9.536743164062499e-08
sigmaV2_10_sigmaW2_1,IPFPF,65,0.0,0.0,1.0000001668930054,9.536743164062499e-08
sigmaV2_10_sigmaW2_1,IPFPF,66,0.0,0.0,1.0000001907348632,5.840038639982172e-08
sigmaV2_10_sigmaW2_1,IPFPF,67,0.0,0.0,1.0000001192092896,0.0
sigmaV2_10_sigmaW2_1,IPFPF,68,0.0,0.0,1.0000001907348632,9.5367431640625e-08
sigmaV2_10_sigmaW2_1,IPFPF,69,0.0,0.0,1.0000001192092896,0.0
sigmaV2_10_sigmaW2_1,IPFPF,70,0.0,0.0,1.0000001430511474,8.920806376395085e-08
sigmaV2_10_sigmaW2_1,IPFPF,71,0.0,0.0,1.0000001430511474,4.7683715820312496e-08
sigmaV2_10_sigmaW2_1,IPFPF,72,0.0,0.0,1.0000001907348632,5.840038639982171e-08
sigmaV2_10_sigmaW2_1,IPFPF,73,0.0,0.0,1.0000001668930054,5.840038639982172e-08
sigmaV2_10_sigmaW2_1,IPFPF,74,0.0,0.0,1.0000001430511474,8.920806376395085e-08
sigmaV2_10_sigmaW2_1,IPFPF,75,0.0,0.0,1.0000001668930054,1.215700987241932e-07
sigmaV2_10_sigmaW2_1,IPFPF,76,0.0,0.0,1.0000001430511474,8.920806376395086e-08
sigmaV2_10_sigmaW2_1,IPFPF,77,0.0,0.0,1.0000001192092896,7.539457464619587e-08
sigmaV2_10_sigmaW2_1,IPFPF,78,0.0,0.0,1.0000001668930054,5.840038639982172e-08
sigmaV2_10_sigmaW2_1,IPFPF,79,0.0,0.0,1.0000001192092896,7.539457464619587e-08
sigmaV2_10_sigmaW2_1,IPFPF,80,0.0,0.0,1.0000001430511474,1.1680077279964343e-07
sigmaV2_10_sigmaW2_1,IPFPF,81,0.0,0.0,1.0000001430511474,1.3902072655785801e-07
sigmaV2_10_sigmaW2_1,IPFPF,82,0.0,0.0,1.0000001192092896,0.0
sigmaV2_10_sigmaW2_1,IPFPF,83,0.0,0.0,1.0000001430511474,8.920806376395086e-08
sigmaV2_10_sigmaW2_1,IPFPF,84,0.0,0.0,1.0000002145767213,4.7683715820312496e-08
sigmaV2_10_sigmaW2_1,IPFPF,85,0.0,0.0,1.0000001907348632,5.840038639982171e-08
sigmaV2_10_sigmaW2_1,IPFPF,86,0.0,0.0,1.0000001430511474,8.920806376395085e-08
sigmaV2_10_sigmaW2_1,IPFPF,87,0.0,0.0,1.0000001668930054,5.840038639982172e-08
sigmaV2_10_sigmaW2_1,IPFPF,88,0.0,0.0,1.0000001668930054,5.840038639982171e-08
sigmaV2_10_sigmaW2_1,IPFPF,89,0.0,0.0,1.0000001907348632,5.840038639982172e-08
sigmaV2_10_sigmaW2_1,IPFPF,90,0.0,0.0,1.000000238418579,7.539457464619587e-08
sigmaV2_10_sigmaW2_1,IPFPF,91,0.0,0.0,1.0000001907348632,9.5367431640625e-08
sigmaV2_10_sigmaW2_1,IPFPF,92,0.0,0.0,1.0000001192092896,7.539457464619587e-08
sigmaV2_10_sigmaW2_1,IPFPF,93,0.0,0.0,1.0000000953674317,4.7683715820312496e-08
sigmaV2_10_sigmaW2_1,IPFPF,94,0.0,0.0,1.0000001430511474,1.1680077279964342e-07
sigmaV2_10_sigmaW2_1,IPFPF,95,0.0,0.0,1.0000001907348632,5.840038639982172e-08
sigmaV2_10_sigmaW2_1,IPFPF,96,0.0,0.0,1.0000001430511474,4.76837158203125e-08
sigmaV2_10_sigmaW2_1,IPFPF,97,0.0,0.0,1.0000001668930054,5.840038639982171e-08
sigmaV2_10_sigmaW2_1,IPFPF,98,0.0,0.0,1.0000001430511474,4.76837158203125e-08
sigmaV2_10_sigmaW2_1,IPFPF,99,0.0,0.0,1.0000001192092896,7.539457464619587e-08
sigmaV2_10_sigmaW2_1,IPFPF,100,0.0,0.0,1.0000001192092896,7.539457464619587e-08
sigmaV2_10_sigmaW2_1,SPFSM,1,1.4382667303085328,0.02823376665407609,1.0225399017333985,0.0020081601718694615
sigmaV2_10_sigmaW2_1,SPFSM,2,1.4292742490768433,0.021556759015493622,1.02943696975708,0.0020742824051676496
sigmaV2_10_sigmaW2_1,SPFSM,3,1.4397266864776612,0.03232195422040114,1.0298569917678833,0.0025213390725844134
sigmaV2_10_sigmaW2_1,SPFSM,4,1.4332778453826904,0.015958036831801806,1.0268913984298706,0.003414863795859478
sigmaV2_10_sigmaW2_1,SPFSM,5,1.4376347303390502,0.02204703512697702,1.0339053869247437,0.00518575924992016
sigmaV2_10_sigmaW2_1,SPFSM,6,1.4317791700363158,0.025191554676217635,1.0257209539413452,0.0010792175905634932
sigmaV2_10_sigmaW2_1,SPFSM,7,1.4190462350845336,0.008282359780010557,1.0304647207260131,0.0026132994880886337
sigmaV2_10_sigmaW2_1,SPFSM,8,1.44164080619812,0.013051230458988119,1.0302831172943114,0.002479703384446656
sigmaV2_10_sigmaW2_1,SPFSM,9,1.4478435516357422,0.014402264249899266,1.0272074222564698,0.0029180751269726034
sigmaV2_10_sigmaW2_1,SPFSM,10,1.4163572788238525,0.03407422948152496,1.032871174812317,0.001925262304159456
sigmaV2_10_sigmaW2_1,SPFSM,11,1.419105863571167,0.008508681158157864,1.0266425371170045,0.002712279444217161
sigmaV2_10_sigmaW2_1,SPFSM,12,1.441672945022583,0.028388159493808258,1.0283542633056642,0.004526473748576507
sigmaV2_10_sigmaW2_1,SPFSM,13,1.4317293643951416,0.02503461681485933,1.0303765058517456,0.0038103558158815464
sigmaV2_10_sigmaW2_1,SPFSM,14,1.4313206195831298,0.025675070758429203,1.0270379543304444,0.0014894512322031974
sigmaV2_10_sigmaW2_1,SPFSM,15,1.4383779525756837,0.019317070398566165,1.0307141304016114,0.0025342169666598157
sigmaV2_10_sigmaW2_1,SPFSM,16,1.4493496894836426,0.02674845129442096,1.0282042741775512,0.002632961166611998
sigmaV2_10_sigmaW2_1,SPFSM,17,1.4514516115188598,0.03136483786435819,1.0263604402542115,0.0029853727054317755
sigmaV2_10_sigmaW2_1,SPFSM,18,1.4193114757537841,0.00834649446156411,1.0325371503829956,0.002452132446415602
sigmaV2_10_sigmaW2_1,SPFSM,19,1.4373366117477417,0.011043844716169227,1.0257806777954102,0.0012843143008741465
sigmaV2_10_sigmaW2_1,SPFSM,20,1.4455953359603881,0.011913313978019964,1.0292472124099732,0.002953311622219535
sigmaV2_10_sigmaW2_1,SPFSM,21,1.4123985767364502,0.04022067694391264,1.0301365613937379,0.004442711974214163
sigmaV2_10_sigmaW2_1,SPFSM,22,1.4233168125152589,0.006568732005304124,1.0254761219024657,0.0029718576845591802
sigmaV2_10_sigmaW2_1,SPFSM,23,1.436062264442444,0.01960364392075018,1.0307339668273925,0.004404655449139867
sigmaV2_10_sigmaW2_1,SPFSM,24,1.4348089218139648,0.02379732229799408,1.0261192321777344,0.0025503807616920615
sigmaV2_10_sigmaW2_1,SPFSM,25,1.4299154043197633,0.023553672878159113,1.0263070344924927,0.004094215302936312
sigmaV2_10_sigmaW2_1,SPFSM,26,1.432565188407898,0.015405301140410426,1.0334125757217407,0.0024998226572770133
sigmaV2_10_sigmaW2_1,SPFSM,27,1.4478783845901488,0.028755550366146916,1.025551176071167,0.0031259597333341597
sigmaV2_10_sigmaW2_1,SPFSM,28,1.4549376726150514,0.02904974736502059,1.030716061592102,0.004220568244706522
sigmaV2_10_sigmaW2_1,SPFSM,29,1.4245121955871582,0.006590345598512697,1.0298505783081056,0.00612373407513582
sigmaV2_10_sigmaW2_1,SPFSM,30,1.4352294921875,0.008111046016962112,1.0278037071228028,0.0028918454853472573
sigmaV2_10_sigmaW2_1,SPFSM,31,1.4330347776412964,0.02193231866188501,1.0326300621032716,0.0010091053993118377
sigmaV2_10_sigmaW2_1,SPFSM,32,1.4090253114700317,0.03819098853918523,1.0232709884643554,0.0014767317264761594
sigmaV2_10_sigmaW2_1,SPFSM,33,1.4174179315567017,0.01137752129352802,1.0290722608566285,0.0037230495606329897
sigmaV2_10_sigmaW2_1,SPFSM,34,1.444742202758789,0.017327942464072293,1.0313650131225587,0.0016810342580558693
sigmaV2_10_sigmaW2_1,SPFSM,35,1.4352494478225708,0.023249728843166357,1.0274110555648803,0.0018914403039033932
sigmaV2_10_sigmaW2_1,SPFSM,36,1.4315878629684449,0.02455962166092099,1.0312537670135498,0.001825455354222466
sigmaV2_10_sigmaW2_1,SPFSM,37,1.4341183423995971,0.013843987802837519,1.0272662878036498,0.0033982684233935575
sigmaV2_10_sigmaW2_1,SPFSM,38,1.4356745719909667,0.03068120480681472,1.0258496761322022,0.002282470741759396
sigmaV2_10_sigmaW2_1,SPFSM,39,1.4537827968597412,0.030325237931473674,1.0315348148345946,0.00569177376091514
sigmaV2_10_sigmaW2_1,SPFSM,40,1.432361125946045,0.01473181163480986,1.0255096435546875,0.0031074300608779633
sigmaV2_10_sigmaW2_1,SPFSM,41,1.441488790512085,0.008923678722858548,1.0326024532318114,0.0026197799661223935
sigmaV2_10_sigmaW2_1,SPFSM,42,1.4338226318359375,0.02209392736303605,1.0321539640426636,0.004015143494308439
sigmaV2_10_sigmaW2_1,SPFSM,43,1.4150027513504029,0.041710004446355635,1.0284786939620971,0.004011792669283383
sigmaV2_10_sigmaW2_1,SPFSM,44,1.4159368515014648,0.012602940340505192,1.0312069177627563,0.002969732745252582
sigmaV2_10_sigmaW2_1,SPFSM,45,1.4513923168182372,0.02068905478962854,1.026916217803955,0.0035045231291185876
sigmaV2_10_sigmaW2_1,SPFSM,46,1.4247730731964112,0.024670674850668647,1.0279799222946167,0.0030244829911124644
sigmaV2_10_sigmaW2_1,SPFSM,47,1.4427942037582397,0.020637598485813678,1.0315430402755736,0.003889666654574206
sigmaV2_10_sigmaW2_1,SPFSM,48,1.4321185111999513,0.014567735215177019,1.025127911567688,0.0021361472526588553
sigmaV2_10_sigmaW2_1,SPFSM,49,1.440107274055481,0.029869441084935857,1.0305110454559325,0.00303665931470429
sigmaV2_10_sigmaW2_1,SPFSM,50,1.460849976539612,0.02816613236545085,1.028548812866211,0.003170146301168216
sigmaV2_10_sigmaW2_1,SPFSM,51,1.4353517055511475,0.01251346672072918,1.0263121843338012,0.0016270547289229532
sigmaV2_10_sigmaW2_1,SPFSM,52,1.440284013748169,0.00887936078324382,1.033243989944458,0.0018233652967270084
sigmaV2_10_sigmaW2_1,SPFSM,53,1.447840929031372,0.03297392632961724,1.0268168926239014,0.001982735654629295
sigmaV2_10_sigmaW2_1,SPFSM,54,1.4204479455947876,0.03996968183349924,1.0277628183364869,0.0021159090244279298
sigmaV2_10_sigmaW2_1,SPFSM,55,1.4141183614730835,0.011787007301906714,1.0304521560668944,0.0021554135528376733
sigmaV2_10_sigmaW2_1,SPFSM,56,1.4542184114456176,0.01562795443093592,1.0248727083206177,0.0018535897575172322
sigmaV2_10_sigmaW2_1,SPFSM,57,1.4312194108963012,0.025624274688272098,1.031870722770691,0.002794072304993596
sigmaV2_10_sigmaW2_1,SPFSM,58,1.4480188131332397,0.012087646128383858,1.0259790182113648,0.0025851294342747896
sigmaV2_10_sigmaW2_1,SPFSM,59,1.4320924758911133,0.01458530724251244,1.0274395942687988,0.0032014281839909007
sigmaV2_10_sigmaW2_1,SPFSM,60,1.428364896774292,0.03091691099881174,1.0315744400024414,0.0010180127491984305
sigmaV2_10_sigmaW2_1,SPFSM,61,1.4577906131744385,0.026941966857491968,1.0254663944244384,0.0033272774497490384
sigmaV2_10_sigmaW2_1,SPFSM,62,1.4420219898223876,0.01709073491372694,1.0302106142044067,0.0037668596044603767
sigmaV2_10_sigmaW2_1,SPFSM,63,1.4333605527877809,0.02052169035842128,1.026905608177185,0.0033954515227705867
sigmaV2_10_sigmaW2_1,SPFSM,64,1.4435232639312745,0.033559670980367245,1.026784634590149,0.0022358556158823743
sigmaV2_10_sigmaW2_1,SPFSM,65,1.407963228225708,0.034833442602858616,1.0303651571273804,0.00252702660922453
sigmaV2_10_sigmaW2_1,SPFSM,66,1.4190020084381103,0.01845931726405239,1.028193759918213,0.0029163877566881244
sigmaV2_10_sigmaW2_1,SPFSM,67,1.4574055910110473,0.016015663483167946,1.0258689403533936,0.0012569616740340358
sigmaV2_10_sigmaW2_1,SPFSM,68,1.4224496126174926,0.017040175979820618,1.0299036026000976,0.0016239377422933511
sigmaV2_10_sigmaW2_1,SPFSM,69,1.4532211780548097,0.012011612151897312,1.0290634393692017,0.0023775722297667266
sigmaV2_10_sigmaW2_1,SPFSM,70,1.4258970022201538,0.004248747939399091,1.0307764291763306,0.0026932528538678906
sigmaV2_10_sigmaW2_1,SPFSM,71,1.4270650625228882,0.028665478467746596,1.024897527694702,0.0027133991804807953
sigmaV2_10_sigmaW2_1,SPFSM,72,1.4434452295303344,0.018640445741430253,1.0266533136367797,0.002451272602544495
sigmaV2_10_sigmaW2_1,SPFSM,73,1.4404708862304687,0.01908628898867653,1.0311819076538087,0.0022084865939662733
sigmaV2_10_sigmaW2_1,SPFSM,74,1.4390554189682008,0.023708572915546643,1.0263336181640625,0.0022177608270312833
sigmaV2_10_sigmaW2_1,SPFSM,75,1.434788703918457,0.03491827480206558,1.0287693977355956,0.0014009714518128796
sigmaV2_10_sigmaW2_1,SPFSM,76,1.4293405294418335,0.020651726914861702,1.0315083265304565,0.003714190020432837
sigmaV2_10_sigmaW2_1,SPFSM,77,1.416646671295166,0.017868988671633283,1.0283100128173828,0.0022497607309296254
sigmaV2_10_sigmaW2_1,SPFSM,78,1.455881690979004,0.015828329781814907,1.0324437856674193,0.002834622534160589
sigmaV2_10_sigmaW2_1,SPFSM,79,1.4204927921295165,0.016480317325093825,1.0281070947647095,0.0021247956555140815
sigmaV2_10_sigmaW2_1,SPFSM,80,1.4537434577941895,0.012526226342207684,1.0285592794418335,0.002341345020104895
sigmaV2_10_sigmaW2_1,SPFSM,81,1.4360545873641968,0.02382030738812566,1.0314258575439452,0.003002672372113278
sigmaV2_10_sigmaW2_1,SPFSM,82,1.4322779178619385,0.026870388726533554,1.0292683124542237,0.0018167158005421404
sigmaV2_10_sigmaW2_1,SPFSM,83,1.4489680290222169,0.02125672216831078,1.0335466623306275,0.0017330531313302455
sigmaV2_10_sigmaW2_1,SPFSM,84,1.442990279197693,0.018680609318731712,1.0269839286804199,0.002731923976583229
sigmaV2_10_sigmaW2_1,SPFSM,85,1.439791989326477,0.023917792387992087,1.0259372472763062,0.003672351585616111
sigmaV2_10_sigmaW2_1,SPFSM,86,1.4444197416305542,0.028506821741051663,1.028855276107788,0.0032470271538147535
sigmaV2_10_sigmaW2_1,SPFSM,87,1.427426242828369,0.02131767283255213,1.0254994869232177,0.0024693741391230255
sigmaV2_10_sigmaW2_1,SPFSM,88,1.4216416597366333,0.015358089374740645,1.0277908086776733,0.001355878794467163
sigmaV2_10_sigmaW2_1,SPFSM,89,1.452631902694702,0.01684673886771097,1.0301789045333862,0.004443537232687999
sigmaV2_10_sigmaW2_1,SPFSM,90,1.4268710136413574,0.016152317760635755,1.0254682540893554,0.001513448147648502
sigmaV2_10_sigmaW2_1,SPFSM,91,1.4493093967437745,0.016554185304116648,1.0294633865356446,0.004069410855161399
sigmaV2_10_sigmaW2_1,SPFSM,92,1.4401062726974487,0.02287836099757025,1.0287883520126342,0.001583868500931353
sigmaV2_10_sigmaW2_1,SPFSM,93,1.4288269758224488,0.030773820438105642,1.0271910667419433,0.001552116042052098
sigmaV2_10_sigmaW2_1,SPFSM,94,1.4476489543914794,0.023209630428713154,1.0330357789993285,0.003502666370681803
sigmaV2_10_sigmaW2_1,SPFSM,95,1.4351630687713623,0.018481668197316836,1.0269824981689453,0.0032279208651033206
sigmaV2_10_sigmaW2_1,SPFSM,96,1.436283564567566,0.022667001145111384,1.0305543184280395,0.0036103811165060992
sigmaV2_10_sigmaW2_1,SPFSM,97,1.4459344625473023,0.02842822359724868,1.0305175304412841,0.004272055980982666
sigmaV2_10_sigmaW2_1,SPFSM,98,1.4256178379058837,0.01959991735865517,1.0271854162216187,0.0036897068368350826
sigmaV2_10_sigmaW2_1,SPFSM,99,1.4318289756774902,0.01650106845581462,1.030781865119934,0.0039011779447021312
sigmaV2_10_sigmaW2_1,SPFSM,100,1.4441320657730103,0.014299077977409801,1.0281917810440064,0.0015645104375809718
sigmaV2_10_sigmaW2_10,DFPHS,1,0.0,0.0,1.0000001430511474,4.7683715820312496e-08
sigmaV2_10_sigmaW2_10,DFPHS,2,0.0,0.0,1.0000003099441528,5.840038639982172e-08
sigmaV2_10_sigmaW2_10,DFPHS,3,0.0,0.0,1.000000238418579,7.539457464619587e-08
sigmaV2_10_sigmaW2_10,DFPHS,4,0.0,0.0,1.000000262260437,1.1680077279964342e-07
sigmaV2_10_sigmaW2_10,DFPHS,5,0.0,0.0,1.0000001907348632,9.536743164062499e-08
sigmaV2_10_sigmaW2_10,DFPHS,6,0.0,0.0,1.000000262260437,8.920806376395085e-08
sigmaV2_10_sigmaW2_10,DFPHS,7,0.0,0.0,1.0000003814697265,3.4877631278819544e-07
sigmaV2_10_sigmaW2_10,DFPHS,8,0.0,0.0,1.0000002145767213,4.7683715820312496e-08
sigmaV2_10_sigmaW2_10,DFPHS,9,0.0,0.0,1.000000262260437,1.7520115919946512e-07
sigmaV2_10_sigmaW2_10,DFPHS,10,0.0,0.0,1.000000238418579,1.3058723390225555e-07
sigmaV2_10_sigmaW2_10,DFPHS,11,0.0,0.0,1.000000238418579,7.539457464619587e-08
sigmaV2_10_sigmaW2_10,DFPHS,12,0.0,0.0,1.0000003099441528,1.215700987241932e-07
sigmaV2_10_sigmaW2_10,DFPHS,13,0.0,0.0,1.0000001907348632,9.5367431640625e-08
sigmaV2_10_sigmaW2_10,DFPHS,14,0.0,0.0,1.0000001907348632,5.840038639982172e-08
sigmaV2_10_sigmaW2_10,DFPHS,15,0.0,0.0,1.0000001430511474,4.7683715820312496e-08
sigmaV2_10_sigmaW2_10,DFPHS,16,0.0,0.0,1.0000001430511474,4.7683715820312496e-08
sigmaV2_10_sigmaW2_10,DFPHS,17,0.0,0.0,1.0000001430511474,4.7683715820312496e-08
sigmaV2_10_sigmaW2_10,DFPHS,18,0.0,0.0,1.0000001668930054,9.536743164062499e-08
sigmaV2_10_sigmaW2_10,DFPHS,19,0.0,0.0,1.0000002145767213,8.920806376395085e-08
sigmaV2_10_sigmaW2_10,DFPHS,20,0.0,0.0,1.0000003814697265,1.7520115919946512e-07
sigmaV2_10_sigmaW2_10,DFPHS,21,0.0,0.0,1.0000002145767213,8.920806376395085e-08
sigmaV2_10_sigmaW2_10,DFPHS,22,0.0,0.0,1.000000286102295,1.215700987241932e-07
sigmaV2_10_sigmaW2_10,DFPHS,23,0.0,0.0,1.0000002145767213,8.920806376395085e-08
sigmaV2_10_sigmaW2_10,DFPHS,24,0.0,0.0,1.0000004053115845,3.071808511430055e-07
sigmaV2_10_sigmaW2_10,DFPHS,25,0.0,0.0,1.0000001907348632,5.840038639982172e-08
sigmaV2_10_sigmaW2_10,DFPHS,26,0.0,0.0,1.0000002145767213,4.7683715820312496e-08
sigmaV2_10_sigmaW2_10,DFPHS,27,0.0,0.0,1.000000262260437,1.39020726557858e-07
sigmaV2_10_sigmaW2_10,DFPHS,28,0.0,0.0,1.0000003814697265,1.9073486328124998e-07
sigmaV2_10_sigmaW2_10,DFPHS,29,0.0,0.0,1.0000001907348632,5.840038639982171e-08
sigmaV2_10_sigmaW2_10,DFPHS,30,0.0,0.0,1.000000238418579,7.539457464619587e-08
sigmaV2_10_sigmaW2_10,DFPHS,31,0.0,0.0,1.000000286102295,2.2110029448260554e-07
sigmaV2_10_sigmaW2_10,DFPHS,32,0.0,0.0,1.0000003814697265,2.958696757791246e-07
sigmaV2_10_sigmaW2_10,DFPHS,33,0.0,0.0,1.0000003099441528,2.78041453115716e-07
sigmaV2_10_sigmaW2_10,DFPHS,34,0.0,0.0,1.0000001668930054,5.840038639982171e-08
sigmaV2_10_sigmaW2_10,DFPHS,35,0.0,0.0,1.0000001907348632,5.840038639982171e-08
sigmaV2_10_sigmaW2_10,DFPHS,36,0.0,0.0,1.0000001907348632,9.536743164062499e-08
sigmaV2_10_sigmaW2_10,DFPHS,37,0.0,0.0,1.000000262260437,1.1680077279964342e-07
sigmaV2_10_sigmaW2_10,DFPHS,38,0.0,0.0,1.000000238418579,1.5078914929239175e-07
sigmaV2_10_sigmaW2_10,DFPHS,39,0.0,0.0,1.0000001907348632,5.840038639982172e-08
sigmaV2_10_sigmaW2_10,DFPHS,40,0.0,0.0,1.0000002145767213,8.920806376395085e-08
sigmaV2_10_sigmaW2_10,DFPHS,41,0.0,0.0,1.000000238418579,7.539457464619587e-08
sigmaV2_10_sigmaW2_10,DFPHS,42,0.0,0.0,1.0000003576278687,2.5005551532987395e-07
sigmaV2_10_sigmaW2_10,DFPHS,43,0.0,0.0,1.000000286102295,5.840038639982172e-08
sigmaV2_10_sigmaW2_10,DFPHS,44,0.0,0.0,1.0000001907348632,9.5367431640625e-08
sigmaV2_10_sigmaW2_10,DFPHS,45,0.0,0.0,1.0000001668930054,5.840038639982172e-08
sigmaV2_10_sigmaW2_10,DFPHS,46,0.0,0.0,1.0000003576278687,3.6157967777498007e-07
sigmaV2_10_sigmaW2_10,DFPHS,47,0.0,0.0,1.0000002145767213,1.9073486328124998e-07
sigmaV2_10_sigmaW2_10,DFPHS,48,0.0,0.0,1.0000004529953004,3.144957055633764e-07
sigmaV2_10_sigmaW2_10,DFPHS,49,0.0,0.0,1.000000262260437,1.7520115919946514e-07
sigmaV2_10_sigmaW2_10,DFPHS,50,0.0,0.0,1.0000001907348632,5.840038639982172e-08
sigmaV2_10_sigmaW2_10,DFPHS,51,0.0,0.0,1.0000004053115845,3.3378601074218753e-07
sigmaV2_10_sigmaW2_10,DFPHS,52,0.0,0.0,1.0000003576278687,1.9947529471732987e-07
sigmaV2_10_sigmaW2_10,DFPHS,53,0.0,0.0,1.0000003814697265,2.3115538870889327e-07
sigmaV2_10_sigmaW2_10,DFPHS,54,0.0,0.0,1.0000003099441528,1.430511474609375e-07
sigmaV2_10_sigmaW2_10,DFPHS,55,0.0,0.0,1.0000001668930054,5.840038639982171e-08
sigmaV2_10_sigmaW2_10,DFPHS,56,0.0,0.0,1.000000262260437,4.7683715820312496e-08
sigmaV2_10_sigmaW2_10,DFPHS,57,0.0,0.0,1.000000286102295,1.215700987241932e-07
sigmaV2_10_sigmaW2_10,DFPHS,58,0.0,0.0,1.000000262260437,1.39020726557858e-07
sigmaV2_10_sigmaW2_10,DFPHS,59,0.0,0.0,1.0000003099441528,1.430511474609375e-07
sigmaV2_10_sigmaW2_10,DFPHS,60,0.0,0.0,1.000000262260437,1.7520115919946514e-07
sigmaV2_10_sigmaW2_10,DFPHS,61,0.0,0.0,1.0000001907348632,5.840038639982172e-08
sigmaV2_10_sigmaW2_10,DFPHS,62,0.0,0.0,1.0000002145767213,8.920806376395085e-08
sigmaV2_10_sigmaW2_10,DFPHS,63,0.0,0.0,1.0000001668930054,5.840038639982172e-08
sigmaV2_10_sigmaW2_10,DFPHS,64,0.0,0.0,1.0000001430511474,4.76837158203125e-08
sigmaV2_10_sigmaW2_10,DFPHS,65,0.0,0.0,1.0000001668930054,5.840038639982172e-08
sigmaV2_10_sigmaW2_10,DFPHS,66,0.0,0.0,1.0000001668930054,9.536743164062499e-08
sigmaV2_10_sigmaW2_10,DFPHS,67,0.0,0.0,1.0000003576278687,3.6157967777498007e-07
sigmaV2_10_sigmaW2_10,DFPHS,68,0.0,0.0,1.000000238418579,7.539457464619587e-08
sigmaV2_10_sigmaW2_10,DFPHS,69,0.0,0.0,1.000000262260437,1.9073486328124998e-07
sigmaV2_10_sigmaW2_10,DFPHS,70,0.0,0.0,1.0000001668930054,5.840038639982172e-08
sigmaV2_10_sigmaW2_10,DFPHS,71,0.0,0.0,1.0000002145767213,8.920806376395085e-08
sigmaV2_10_sigmaW2_10,DFPHS,72,0.0,0.0,1.000000286102295,1.6170334775746508e-07
sigmaV2_10_sigmaW2_10,DFPHS,73,0.0,0.0,1.000000238418579,7.539457464619587e-08
sigmaV2_10_sigmaW2_10,DFPHS,74,0.0,0.0,1.0000003099441528,2.0784849851325385e-07
sigmaV2_10_sigmaW2_10,DFPHS,75,0.0,0.0,1.0000001907348632,5.840038639982171e-08
sigmaV2_10_sigmaW2_10,DFPHS,76,0.0,0.0,1.000000262260437,1.3902072655785801e-07
sigmaV2_10_sigmaW2_10,DFPHS,77,0.0,0.0,1.0000002145767213,4.76837158203125e-08
sigmaV2_10_sigmaW2_10,DFPHS,78,0.0,0.0,1.0000001668930054,9.536743164062499e-08
sigmaV2_10_sigmaW2_10,DFPHS,79,0.0,0.0,1.0000006198883056,4.792154131470151e-07
sigmaV2_10_sigmaW2_10,DFPHS,80,0.0,0.0,1.0000003099441528,1.430511474609375e-07
sigmaV2_10_sigmaW2_10,DFPHS,81,0.0,0.0,1.0000001430511474,4.7683715820312496e-08
sigmaV2_10_sigmaW2_10,DFPHS,82,0.0,0.0,1.0000003099441528,5.840038639982172e-08
sigmaV2_10_sigmaW2_10,DFPHS,83,0.0,0.0,1.0000001907348632,9.5367431640625e-08
sigmaV2_10_sigmaW2_10,DFPHS,84,0.0,0.0,1.0000001907348632,5.840038639982171e-08
sigmaV2_10_sigmaW2_10,DFPHS,85,0.0,0.0,1.0000001668930054,5.840038639982172e-08
sigmaV2_10_sigmaW2_10,DFPHS,86,0.0,0.0,1.0000001668930054,5.840038639982171e-08
sigmaV2_10_sigmaW2_10,DFPHS,87,0.0,0.0,1.000000238418579,1.3058723390225555e-07
sigmaV2_10_sigmaW2_10,DFPHS,88,0.0,0.0,1.000000286102295,1.215700987241932e-07
sigmaV2_10_sigmaW2_10,DFPHS,89,0.0,0.0,1.0000001907348632,9.536743164062499e-08
sigmaV2_10_sigmaW2_10,DFPHS,90,0.0,0.0,1.0000001907348632,9.536743164062499e-08
sigmaV2_10_sigmaW2_10,DFPHS,91,0.0,0.0,1.000000286102295,9.536743164062499e-08
sigmaV2_10_sigmaW2_10,DFPHS,92,0.0,0.0,1.0000002145767213,4.7683715820312496e-08
sigmaV2_10_sigmaW2_10,DFPHS,93,0.0,0.0,1.0000003814697265,2.3115538870889324e-07
sigmaV2_10_sigmaW2_10,DFPHS,94,0.0,0.0,1.0000003099441528,1.6170334775746508e-07
sigmaV2_10_sigmaW2_10,DFPHS,95,0.0,0.0,1.0000002145767213,1.1680077279964343e-07
sigmaV2_10_sigmaW2_10,DFPHS,96,0.0,0.0,1.0000001907348632,9.536743164062499e-08
sigmaV2_10_sigmaW2_10,DFPHS,97,0.0,0.0,1.0000004291534423,1.9369216929998303e-07
sigmaV2_10_sigmaW2_10,DFPHS,98,0.0,0.0,1.0000004053115845,1.215700987241932e-07
sigmaV2_10_sigmaW2_10,DFPHS,99,0.0,0.0,1.000000262260437,1.9073486328125e-07
sigmaV2_10_sigmaW2_10,DFPHS,100,0.0,0.0,1.000000238418579,7.539457464619587e-08
sigmaV2_10_sigmaW2_10,DPF-GradNet,1,13.56175651550293,0.8848221019679238,1.0000003337860108,1.1680077279964343e-07
sigmaV2_10_sigmaW2_10,DPF-GradNet,2,12.672570419311523,0.724481455478671,1.0000004529953004,1.3902072655785801e-07
sigmaV2_10_sigmaW2_10,DPF-GradNet,3,11.455435943603515,0.6745185450264476,1.0000004768371582,1.3058723390225555e-07
sigmaV2_10_sigmaW2_10,DPF-GradNet,4,7.659480094909668,1.4127930312021588,1.0000004529953004,8.920806376395085e-08
sigmaV2_10_sigmaW2_10,DPF-GradNet,5,8.6775221824646,1.2110746249485964,1.0000004291534423,1.6170334775746508e-07
sigmaV2_10_sigmaW2_10,DPF-GradNet,6,14.66000747680664,1.3993108145023827,1.0000004529953004,1.3902072655785801e-07
sigmaV2_10_sigmaW2_10,DPF-GradNet,7,11.546872520446778,1.167276676193288,1.0000004768371582,1.066240299940009e-07
sigmaV2_10_sigmaW2_10,DPF-GradNet,8,9.527538108825684,1.189459990771164,1.0000004529953004,1.1680077279964343e-07
sigmaV2_10_sigmaW2_10,DPF-GradNet,9,9.466146469116211,0.47230391484192313,1.0000004291534423,9.5367431640625e-08
sigmaV2_10_sigmaW2_10,DPF-GradNet,10,8.81327838897705,0.6197882753556896,1.0000005960464478,1.5078914929239175e-07
sigmaV2_10_sigmaW2_10,DPF-GradNet,11,13.160626029968261,0.5919587620614504,1.0000005960464478,7.539457464619587e-08
sigmaV2_10_sigmaW2_10,DPF-GradNet,12,8.228701496124268,0.4260222861593928,1.0000004768371582,1.5078914929239175e-07
sigmaV2_10_sigmaW2_10,DPF-GradNet,13,10.344745635986328,1.5190585850027194,1.000000500679016,1.1680077279964343e-07
sigmaV2_10_sigmaW2_10,DPF-GradNet,14,11.27497386932373,1.3318604975464254,1.0000004291534423,1.215700987241932e-07
sigmaV2_10_sigmaW2_10,DPF-GradNet,15,10.939818382263184,0.9548080363071537,1.000000548362732,1.215700987241932e-07
sigmaV2_10_sigmaW2_10,DPF-GradNet,16,11.009597396850586,1.0588534402272085,1.000000548362732,1.6170334775746508e-07
sigmaV2_10_sigmaW2_10,DPF-GradNet,17,9.738779067993164,0.6841926310195692,1.0000004768371582,1.8467823725735746e-07
sigmaV2_10_sigmaW2_10,DPF-GradNet,18,8.609772682189941,0.8431426705908008,1.0000004768371582,2.261837239385876e-07
sigmaV2_10_sigmaW2_10,DPF-GradNet,19,12.374773025512695,0.9823073545081861,1.0000003814697265,8.920806376395086e-08
sigmaV2_10_sigmaW2_10,DPF-GradNet,20,9.450454711914062,0.9397651950795106,1.000000524520874,9.536743164062499e-08
sigmaV2_10_sigmaW2_10,DPF-GradNet,21,8.291113471984863,0.5499696378501407,1.00000057220459,4.76837158203125e-08
sigmaV2_10_sigmaW2_10,DPF-GradNet,22,10.7157564163208,0.5758280761078051,1.000000524520874,1.784161275279017e-07
sigmaV2_10_sigmaW2_10,DPF-GradNet,23,11.789236068725586,0.9293721629659701,1.000000524520874,1.430511474609375e-07
sigmaV2_10_sigmaW2_10,DPF-GradNet,24,10.448286819458009,0.2476122471131277,1.0000004768371582,1.3058723390225555e-07
sigmaV2_10_sigmaW2_10,DPF-GradNet,25,7.191682147979736,0.5828804512266401,1.000000524520874,1.430511474609375e-07
sigmaV2_10_sigmaW2_10,DPF-GradNet,26,9.078662300109864,0.7218534439543495,1.0000005960464478,1.3058723390225555e-07
sigmaV2_10_sigmaW2_10,DPF-GradNet,27,12.021517944335937,0.8607103258908007,1.0000004529953004,1.39020726557858e-07
sigmaV2_10_sigmaW2_10,DPF-GradNet,28,7.633377647399902,0.36804168920641395,1.0000004529953004,1.39020726557858e-07
sigmaV2_10_sigmaW2_10,DPF-GradNet,29,10.896949005126952,1.111454289548238,1.0000004053115845,9.5367431640625e-08
sigmaV2_10_sigmaW2_10,DPF-GradNet,30,10.358609580993653,0.3940358826512409,1.000000524520874,9.536743164062499e-08
sigmaV2_10_sigmaW2_10,DPF-GradNet,31,12.047132873535157,0.7255247879620917,1.0000003576278687,1.066240299940009e-07
sigmaV2_10_sigmaW2_10,DPF-GradNet,32,10.518571472167968,1.2456644713638045,1.000000500679016,8.920806376395085e-08
sigmaV2_10_sigmaW2_10,DPF-GradNet,33,6.584286022186279,0.5754326797459254,1.000000500679016,1.3902072655785801e-07
sigmaV2_10_sigmaW2_10,DPF-GradNet,34,10.273641967773438,0.9963601344669268,1.0000006437301636,1.215700987241932e-07
sigmaV2_10_sigmaW2_10,DPF-GradNet,35,12.140848541259766,1.2050200018232349,1.000000524520874,9.5367431640625e-08
sigmaV2_10_sigmaW2_10,DPF-GradNet,36,8.688477993011475,1.108663214386428,1.0000005960464478,7.539457464619587e-08
sigmaV2_10_sigmaW2_10,DPF-GradNet,37,12.292501831054688,1.984249258785162,1.000000548362732,1.784161275279017e-07
sigmaV2_10_sigmaW2_10,DPF-GradNet,38,8.898138999938965,0.34414369290485725,1.00000057220459,4.7683715820312496e-08
sigmaV2_10_sigmaW2_10,DPF-GradNet,39,8.921821022033692,0.22142740225373,1.000000548362732,1.784161275279017e-07
sigmaV2_10_sigmaW2_10,DPF-GradNet,40,11.85748748779297,1.1996722909769246,1.000000524520874,9.5367431640625e-08
sigmaV2_10_sigmaW2_10,DPF-GradNet,41,8.173425388336181,0.5101135120983048,1.000000548362732,1.215700987241932e-07
sigmaV2_10_sigmaW2_10,DPF-GradNet,42,11.828471755981445,0.27763446520949797,1.0000004291534423,1.215700987241932e-07
sigmaV2_10_sigmaW2_10,DPF-GradNet,43,10.517086601257324,1.0061882894852667,1.000000548362732,1.215700987241932e-07
sigmaV2_10_sigmaW2_10,DPF-GradNet,44,9.222941017150879,1.1193362873819597,1.0000004529953004,1.1680077279964343e-07
sigmaV2_10_sigmaW2_10,DPF-GradNet,45,13.3581148147583,0.36000862899696734,1.00000057220459,1.39020726557858e-07
sigmaV2_10_sigmaW2_10,DPF-GradNet,46,9.483613777160645,0.6376566563890985,1.0000005960464478,1.6858739404357614e-07
sigmaV2_10_sigmaW2_10,DPF-GradNet,47,9.89105052947998,0.913152632996208,1.000000500679016,4.7683715820312496e-08
sigmaV2_10_sigmaW2_10,DPF-GradNet,48,11.464689636230469,0.811434195628427,1.0000004768371582,1.066240299940009e-07
sigmaV2_10_sigmaW2_10,DPF-GradNet,49,7.039741706848145,0.29557037385126506,1.0000004768371582,7.539457464619587e-08
sigmaV2_10_sigmaW2_10,DPF-GradNet,50,7.453639030456543,0.6143156040275416,1.0000004529953004,1.39020726557858e-07
sigmaV2_10_sigmaW2_10,DPF-GradNet,51,12.72342586517334,1.0873898804169406,1.000000548362732,9.536743164062499e-08
sigmaV2_10_sigmaW2_10,DPF-GradNet,52,11.388340187072753,1.0282475047144615,1.0000004291534423,9.5367431640625e-08
sigmaV2_10_sigmaW2_10,DPF-GradNet,53,9.812029266357422,0.814199354615012,1.000000500679016,1.3902072655785801e-07
sigmaV2_10_sigmaW2_10,DPF-GradNet,54,7.610204887390137,1.1295263489491476,1.000000548362732,1.215700987241932e-07
sigmaV2_10_sigmaW2_10,DPF-GradNet,55,9.820291137695312,1.341542937948093,1.0000004768371582,1.066240299940009e-07
sigmaV2_10_sigmaW2_10,DPF-GradNet,56,12.181393051147461,0.8439528882572139,1.000000500679016,8.920806376395086e-08
sigmaV2_10_sigmaW2_10,DPF-GradNet,57,9.601423263549805,1.1633953579273968,1.000000524520874,9.536743164062499e-08
sigmaV2_10_sigmaW2_10,DPF-GradNet,58,10.869525718688966,1.1473421141142852,1.0000003814697265,8.920806376395086e-08
sigmaV2_10_sigmaW2_10,DPF-GradNet,59,10.750733757019043,0.5381071991677587,1.00000057220459,1.7520115919946512e-07
sigmaV2_10_sigmaW2_10,DPF-GradNet,60,10.581037902832032,1.2622335462759382,1.00000057220459,4.7683715820312496e-08
sigmaV2_10_sigmaW2_10,DPF-GradNet,61,12.737187767028809,0.728696995248517,1.00000057220459,4.7683715820312496e-08
sigmaV2_10_sigmaW2_10,DPF-GradNet,62,11.19817886352539,1.2029422672222605,1.0000004291534423,5.840038639982172e-08
sigmaV2_10_sigmaW2_10,DPF-GradNet,63,10.215898323059083,1.3428311020738903,1.000000500679016,8.920806376395086e-08
sigmaV2_10_sigmaW2_10,DPF-GradNet,64,10.439747428894043,1.3868393260118919,1.000000524520874,1.430511474609375e-07
sigmaV2_10_sigmaW2_10,DPF-GradNet,65,9.605764579772949,0.8345240361885883,1.0000004529953004,1.3902072655785801e-07
sigmaV2_10_sigmaW2_10,DPF-GradNet,66,13.009468841552735,0.8598538125315578,1.000000524520874,5.840038639982172e-08
sigmaV2_10_sigmaW2_10,DPF-GradNet,67,8.095498085021973,0.8468917936623453,1.0000004529953004,4.7683715820312496e-08
sigmaV2_10_sigmaW2_10,DPF-GradNet,68,8.949932670593261,1.2406962933799774,1.0000004291534423,9.536743164062499e-08
sigmaV2_10_sigmaW2_10,DPF-GradNet,69,11.535750579833984,0.4461669569532443,1.00000057220459,2.3115538870889324e-07
sigmaV2_10_sigmaW2_10,DPF-GradNet,70,8.621412563323975,0.45305166216557613,1.0000004529953004,8.920806376395085e-08
sigmaV2_10_sigmaW2_10,DPF-GradNet,71,12.838192367553711,0.625150049332117,1.0000003814697265,4.7683715820312496e-08
sigmaV2_10_sigmaW2_10,DPF-GradNet,72,11.723197174072265,0.9722217991312407,1.000000500679016,8.920806376395085e-08
sigmaV2_10_sigmaW2_10,DPF-GradNet,73,10.085053634643554,0.36118464051372917,1.000000524520874,9.536743164062499e-08
sigmaV2_10_sigmaW2_10,DPF-GradNet,74,10.830152702331542,0.9043157821937061,1.0000006198883056,8.920806376395085e-08
sigmaV2_10_sigmaW2_10,DPF-GradNet,75,9.185674476623536,0.34440498033880124,1.0000004529953004,2.3115538870889324e-07
sigmaV2_10_sigmaW2_10,DPF-GradNet,76,7.973509216308594,0.5678203338445437,1.000000548362732,1.784161275279017e-07
sigmaV2_10_sigmaW2_10,DPF-GradNet,77,13.83552532196045,0.6104119920195966,1.0000004053115845,5.840038639982171e-08
sigmaV2_10_sigmaW2_10,DPF-GradNet,78,10.229507637023925,1.002017277480023,1.0000005960464478,7.539457464619587e-08
sigmaV2_10_sigmaW2_10,DPF-GradNet,79,13.164540863037109,0.681247407452604,1.000000524520874,5.840038639982171e-08
sigmaV2_10_sigmaW2_10,DPF-GradNet,80,8.625147533416747,0.5585222529436635,1.0000006198883056,1.9073486328125e-07
sigmaV2_10_sigmaW2_10,DPF-GradNet,81,9.91965560913086,0.49602921805471445,1.0000004768371582,1.066240299940009e-07
sigmaV2_10_sigmaW2_10,DPF-GradNet,82,12.029427337646485,1.1136727105492419,1.0000004053115845,1.215700987241932e-07
sigmaV2_10_sigmaW2_10,DPF-GradNet,83,11.381625747680664,1.099720267938287,1.000000524520874,9.536743164062499e-08
sigmaV2_10_sigmaW2_10,DPF-GradNet,84,10.90401782989502,1.828776890357108,1.000000500679016,1.3902072655785801e-07
sigmaV2_10_sigmaW2_10,DPF-GradNet,85,9.567779731750488,0.8141933747399136,1.0000004768371582,7.539457464619587e-08
sigmaV2_10_sigmaW2_10,DPF-GradNet,86,9.17998390197754,0.43655080640709687,1.000000500679016,8.920806376395085e-08
sigmaV2_10_sigmaW2_10,DPF-GradNet,87,13.388933753967285,0.5669247878294098,1.000000500679016,1.3902072655785801e-07
sigmaV2_10_sigmaW2_10,DPF-GradNet,88,7.396964073181152,0.5527428313856726,1.0000003337860108,1.1680077279964343e-07
sigmaV2_10_sigmaW2_10,DPF-GradNet,89,9.122304916381836,0.4099825871820927,1.000000548362732,1.2157009872419322e-07
sigmaV2_10_sigmaW2_10,DPF-GradNet,90,12.78727684020996,0.8949204969952361,1.0000004529953004,8.920806376395085e-08
sigmaV2_10_sigmaW2_10,DPF-GradNet,91,9.254599952697754,0.19591714258692597,1.000000548362732,1.6170334775746508e-07
sigmaV2_10_sigmaW2_10,DPF-GradNet,92,11.834197616577148,0.9442472312320124,1.0000004053115845,1.215700987241932e-07
sigmaV2_10_sigmaW2_10,DPF-GradNet,93,8.967078399658202,0.38483582747653455,1.000000548362732,5.840038639982172e-08
sigmaV2_10_sigmaW2_10,DPF-GradNet,94,11.795709037780762,0.7159338487803903,1.0000004768371582,1.066240299940009e-07
sigmaV2_10_sigmaW2_10,DPF-GradNet,95,9.45030860900879,1.1396169656132362,1.0000004529953004,8.920806376395085e-08
sigmaV2_10_sigmaW2_10,DPF-GradNet,96,9.711520004272462,0.9227457323331382,1.000000500679016,8.920806376395085e-08
sigmaV2_10_sigmaW2_10,DPF-GradNet,97,9.811296367645264,2.3513296773400554,1.0000003337860108,1.1680077279964343e-07
sigmaV2_10_sigmaW2_10,DPF-GradNet,98,9.518310546875,0.5624951024740483,1.0000004768371582,1.066240299940009e-07
sigmaV2_10_sigmaW2_10,DPF-GradNet,99,8.60547227859497,0.6743979421763818,1.0000004768371582,1.3058723390225555e-07
sigmaV2_10_sigmaW2_10,DPF-GradNet,100,11.884183502197265,1.2587999136761445,1.0000004768371582,1.066240299940009e-07
sigmaV2_10_sigmaW2_10,DPFNet-HMC,1,13.42376937866211,0.4698490841407751,1.0000004291534423,1.9369216929998303e-07
sigmaV2_10_sigmaW2_10,DPFNet-HMC,2,12.468757247924804,0.7767493681230899,1.0000004529953004,4.76837158203125e-08
sigmaV2_10_sigmaW2_10,DPFNet-HMC,3,10.561827468872071,1.6861584317768326,1.0000004529953004,1.3902072655785801e-07
sigmaV2_10_sigmaW2_10,DPFNet-HMC,4,7.318853855133057,1.075247393703467,1.0000004053115845,1.6170334775746508e-07
sigmaV2_10_sigmaW2_10,DPFNet-HMC,5,8.657617855072022,0.6743664993798192,1.0000004529953004,1.1680077279964343e-07
sigmaV2_10_sigmaW2_10,DPFNet-HMC,6,13.971636009216308,1.6562365947776074,1.0000004768371582,1.5078914929239175e-07
sigmaV2_10_sigmaW2_10,DPFNet-HMC,7,10.169115447998047,1.1122145381844517,1.0000004529953004,1.39020726557858e-07
sigmaV2_10_sigmaW2_10,DPFNet-HMC,8,10.48979206085205,1.380284284565343,1.0000004768371582,1.6858739404357614e-07
sigmaV2_10_sigmaW2_10,DPFNet-HMC,9,8.813405990600586,0.4611662245134119,1.0000004768371582,1.066240299940009e-07
sigmaV2_10_sigmaW2_10,DPFNet-HMC,10,8.421499061584473,0.4681490712469442,1.000000500679016,8.920806376395086e-08
sigmaV2_10_sigmaW2_10,DPFNet-HMC,11,13.3450439453125,0.6568683982971056,1.0000004768371582,7.539457464619587e-08
sigmaV2_10_sigmaW2_10,DPFNet-HMC,12,9.028041553497314,0.9816131755775014,1.0000004529953004,1.7520115919946512e-07
sigmaV2_10_sigmaW2_10,DPFNet-HMC,13,10.925758552551269,0.7944673526596449,1.0000004291534423,1.430511474609375e-07
sigmaV2_10_sigmaW2_10,DPFNet-HMC,14,10.946971702575684,0.4853232061168668,1.0000005960464478,7.539457464619587e-08
sigmaV2_10_sigmaW2_10,DPFNet-HMC,15,9.652891159057617,0.33119819177302723,1.000000548362732,1.6170334775746508e-07
sigmaV2_10_sigmaW2_10,DPFNet-HMC,16,11.494108390808105,0.8910219734981735,1.0000004529953004,1.39020726557858e-07
sigmaV2_10_sigmaW2_10,DPFNet-HMC,17,9.716427612304688,0.9717256708374269,1.000000500679016,8.920806376395085e-08
sigmaV2_10_sigmaW2_10,DPFNet-HMC,18,8.517187213897705,0.5197737955362214,1.000000524520874,1.9369216929998303e-07
sigmaV2_10_sigmaW2_10,DPFNet-HMC,19,12.844137954711915,0.7193016866495504,1.000000548362732,5.840038639982172e-08
sigmaV2_10_sigmaW2_10,DPFNet-HMC,20,9.34185266494751,0.8726880732437782,1.0000004053115845,5.840038639982172e-08
sigmaV2_10_sigmaW2_10,DPFNet-HMC,21,8.58166675567627,0.8244414412091365,1.00000057220459,8.920806376395085e-08
sigmaV2_10_sigmaW2_10,DPFNet-HMC,22,11.187133026123046,0.7485641455027237,1.0000004053115845,1.6170334775746508e-07
sigmaV2_10_sigmaW2_10,DPFNet-HMC,23,11.385088920593262,0.9636553477234611,1.000000548362732,1.6170334775746508e-07
sigmaV2_10_sigmaW2_10,DPFNet-HMC,24,10.690820503234864,0.7291169688388405,1.000000500679016,1.3902072655785801e-07
sigmaV2_10_sigmaW2_10,DPFNet-HMC,25,8.079068756103515,0.23272379065290322,1.0000005960464478,7.539457464619587e-08
sigmaV2_10_sigmaW2_10,DPFNet-HMC,26,9.648945426940918,1.002467127046372,1.0000004768371582,1.066240299940009e-07
sigmaV2_10_sigmaW2_10,DPFNet-HMC,27,11.805579948425294,1.0393278192814472,1.000000548362732,1.9369216929998303e-07
sigmaV2_10_sigmaW2_10,DPFNet-HMC,28,7.289138221740723,0.5858009824828913,1.000000500679016,1.5814899398591043e-07
sigmaV2_10_sigmaW2_10,DPFNet-HMC,29,11.390543365478516,1.9196591886856198,1.00000057220459,1.1680077279964342e-07
sigmaV2_10_sigmaW2_10,DPFNet-HMC,30,10.056566619873047,0.6334613813803925,1.0000004053115845,9.5367431640625e-08
sigmaV2_10_sigmaW2_10,DPFNet-HMC,31,11.233602714538574,0.8463947046407786,1.000000500679016,1.1680077279964343e-07
sigmaV2_10_sigmaW2_10,DPFNet-HMC,32,9.36679220199585,1.3259512376440206,1.0000003337860108,8.920806376395085e-08
sigmaV2_10_sigmaW2_10,DPFNet-HMC,33,6.56585807800293,0.7744511732307248,1.000000548362732,5.840038639982172e-08
sigmaV2_10_sigmaW2_10,DPFNet-HMC,34,9.189061641693115,1.491079623546838,1.000000524520874,5.840038639982172e-08
sigmaV2_10_sigmaW2_10,DPFNet-HMC,35,13.014836883544922,1.6538838755240746,1.000000548362732,5.840038639982171e-08
sigmaV2_10_sigmaW2_10,DPFNet-HMC,36,9.50165843963623,1.0629393078038267,1.0000004529953004,1.1680077279964343e-07
sigmaV2_10_sigmaW2_10,DPFNet-HMC,37,12.84567642211914,1.1747712132631565,1.0000004768371582,1.3058723390225555e-07
sigmaV2_10_sigmaW2_10,DPFNet-HMC,38,8.660920906066895,0.6099934022445695,1.000000548362732,9.536743164062499e-08
sigmaV2_10_sigmaW2_10,DPFNet-HMC,39,8.96365852355957,0.3617787183714116,1.000000500679016,1.1680077279964343e-07
sigmaV2_10_sigmaW2_10,DPFNet-HMC,40,11.440398597717286,1.1864527749897862,1.0000004768371582,2.718390047786565e-07
sigmaV2_10_sigmaW2_10,DPFNet-HMC,41,8.422161865234376,0.5954391759272636,1.000000524520874,1.784161275279017e-07
sigmaV2_10_sigmaW2_10,DPFNet-HMC,42,11.64638557434082,1.2986853263637803,1.0000004768371582,1.066240299940009e-07
sigmaV2_10_sigmaW2_10,DPFNet-HMC,43,11.067017936706543,1.443211584742492,1.0000004768371582,1.3058723390225555e-07
sigmaV2_10_sigmaW2_10,DPFNet-HMC,44,9.213429069519043,0.619665607345629,1.0000004529953004,1.1680077279964342e-07
sigmaV2_10_sigmaW2_10,DPFNet-HMC,45,14.488067817687988,1.298430665172624,1.0000006198883056,4.7683715820312496e-08
sigmaV2_10_sigmaW2_10,DPFNet-HMC,46,9.081190204620361,1.085430009050228,1.0000004529953004,1.3902072655785801e-07
sigmaV2_10_sigmaW2_10,DPFNet-HMC,47,10.437129020690918,0.9778709285720368,1.000000524520874,1.6170334775746508e-07
sigmaV2_10_sigmaW2_10,DPFNet-HMC,48,11.228856086730957,1.0041045328804632,1.00000057220459,1.9073486328125e-07
sigmaV2_10_sigmaW2_10,DPFNet-HMC,49,7.096779155731201,0.761315626927993,1.0000004529953004,1.39020726557858e-07
sigmaV2_10_sigmaW2_10,DPFNet-HMC,50,8.498876571655273,0.7482850911907696,1.0000004291534423,5.840038639982172e-08
sigmaV2_10_sigmaW2_10,DPFNet-HMC,51,12.597545623779297,0.6772852343335648,1.0000003576278687,1.066240299940009e-07
sigmaV2_10_sigmaW2_10,DPFNet-HMC,52,11.178943061828614,0.7827594843588795,1.0000004053115845,1.2157009872419322e-07
sigmaV2_10_sigmaW2_10,DPFNet-HMC,53,11.918792915344238,1.5370276537585454,1.0000004291534423,9.536743164062499e-08
sigmaV2_10_sigmaW2_10,DPFNet-HMC,54,8.054758834838868,0.7799157422964929,1.0000004529953004,8.920806376395085e-08
sigmaV2_10_sigmaW2_10,DPFNet-HMC,55,9.892282867431641,1.4159556812607452,1.0000004529953004,8.920806376395085e-08
sigmaV2_10_sigmaW2_10,DPFNet-HMC,56,12.21635856628418,0.9016610083023278,1.0000004291534423,1.430511474609375e-07
sigmaV2_10_sigmaW2_10,DPFNet-HMC,57,9.231945610046386,0.6773516796223579,1.0000004529953004,1.1680077279964343e-07
sigmaV2_10_sigmaW2_10,DPFNet-HMC,58,12.322154808044434,1.6753820676906916,1.000000500679016,8.920806376395086e-08
sigmaV2_10_sigmaW2_10,DPFNet-HMC,59,10.952252388000488,1.1976873765144627,1.0000004291534423,1.2157009872419322e-07
sigmaV2_10_sigmaW2_10,DPFNet-HMC,60,10.55138339996338,0.3819603630166767,1.000000524520874,1.784161275279017e-07
sigmaV2_10_sigmaW2_10,DPFNet-HMC,61,10.747710990905762,1.2721909077791302,1.0000004291534423,9.536743164062499e-08
sigmaV2_10_sigmaW2_10,DPFNet-HMC,62,10.914445114135741,1.232968251502176,1.0000003814697265,1.7520115919946514e-07
sigmaV2_10_sigmaW2_10,DPFNet-HMC,63,10.639763069152831,1.1559344395177604,1.000000500679016,1.1680077279964343e-07
sigmaV2_10_sigmaW2_10,DPFNet-HMC,64,10.224345016479493,1.266438161590715,1.0000004529953004,4.7683715820312496e-08
sigmaV2_10_sigmaW2_10,DPFNet-HMC,65,9.510816192626953,1.1483800290527226,1.0000005960464478,7.539457464619587e-08
sigmaV2_10_sigmaW2_10,DPFNet-HMC,66,13.42191276550293,1.7654454698766073,1.0000004291534423,1.430511474609375e-07
sigmaV2_10_sigmaW2_10,DPFNet-HMC,67,8.648831176757813,0.789030579412449,1.0000004053115845,1.6170334775746508e-07
sigmaV2_10_sigmaW2_10,DPFNet-HMC,68,9.588834762573242,1.689201971772872,1.000000524520874,5.840038639982172e-08
sigmaV2_10_sigmaW2_10,DPFNet-HMC,69,12.627428245544433,0.4820981165630533,1.0000004529953004,1.7520115919946514e-07
sigmaV2_10_sigmaW2_10,DPFNet-HMC,70,9.60352783203125,0.44063719806050067,1.000000524520874,1.6170334775746508e-07
sigmaV2_10_sigmaW2_10,DPFNet-HMC,71,11.645789909362794,0.8625333339569554,1.000000524520874,5.840038639982172e-08
sigmaV2_10_sigmaW2_10,DPFNet-HMC,72,10.493428802490234,1.4076930263004017,1.000000500679016,1.7520115919946514e-07
sigmaV2_10_sigmaW2_10,DPFNet-HMC,73,9.43172607421875,0.5533067374177724,1.000000500679016,8.920806376395085e-08
sigmaV2_10_sigmaW2_10,DPFNet-HMC,74,11.846895217895508,1.1605737612011906,1.000000548362732,5.840038639982172e-08
sigmaV2_10_sigmaW2_10,DPFNet-HMC,75,9.178231239318848,0.3077405752738882,1.000000500679016,1.7520115919946512e-07
sigmaV2_10_sigmaW2_10,DPFNet-HMC,76,7.715600395202637,1.2494436428219586,1.0000004529953004,8.920806376395085e-08
sigmaV2_10_sigmaW2_10,DPFNet-HMC,77,13.532076835632324,0.8612418506094063,1.0000004768371582,1.3058723390225555e-07
sigmaV2_10_sigmaW2_10,DPFNet-HMC,78,10.944095420837403,0.753535893644707,1.0000004768371582,1.6858739404357614e-07
sigmaV2_10_sigmaW2_10,DPFNet-HMC,79,12.30160083770752,0.8398945344513092,1.000000524520874,5.840038639982171e-08
sigmaV2_10_sigmaW2_10,DPFNet-HMC,80,7.792644786834717,0.8920887991942296,1.000000548362732,1.215700987241932e-07
sigmaV2_10_sigmaW2_10,DPFNet-HMC,81,8.424019527435302,0.8418077768868585,1.0000003814697265,8.920806376395085e-08
sigmaV2_10_sigmaW2_10,DPFNet-HMC,82,13.008920860290527,1.0705168177799502,1.0000004053115845,1.6170334775746508e-07
sigmaV2_10_sigmaW2_10,DPFNet-HMC,83,10.561611747741699,0.6806985650570688,1.000000500679016,2.0509541671377722e-07
sigmaV2_10_sigmaW2_10,DPFNet-HMC,84,10.026114559173584,1.814621228017593,1.000000524520874,9.5367431640625e-08
sigmaV2_10_sigmaW2_10,DPFNet-HMC,85,10.508439445495606,1.337318876697224,1.0000004768371582,1.066240299940009e-07
sigmaV2_10_sigmaW2_10,DPFNet-HMC,86,10.032979774475098,0.6352225837441837,1.0000004291534423,1.215700987241932e-07
sigmaV2_10_sigmaW2_10,DPFNet-HMC,87,12.840942573547363,1.6170086925976639,1.0000006198883056,1.1680077279964343e-07
sigmaV2_10_sigmaW2_10,DPFNet-HMC,88,7.425635147094726,0.7143519344257248,1.000000500679016,8.920806376395085e-08
sigmaV2_10_sigmaW2_10,DPFNet-HMC,89,8.405558776855468,0.968964890000281,1.0000004768371582,1.3058723390225555e-07
sigmaV2_10_sigmaW2_10,DPFNet-HMC,90,12.227246284484863,0.5801547933823195,1.00000057220459,4.7683715820312496e-08
sigmaV2_10_sigmaW2_10,DPFNet-HMC,91,9.23459529876709,0.3118529591126746,1.0000006437301636,1.215700987241932e-07
sigmaV2_10_sigmaW2_10,DPFNet-HMC,92,12.809019470214844,0.7974388475551725,1.000000548362732,5.840038639982171e-08
sigmaV2_10_sigmaW2_10,DPFNet-HMC,93,9.054034996032716,0.23942335837494746,1.0000004768371582,1.5078914929239175e-07
sigmaV2_10_sigmaW2_10,DPFNet-HMC,94,10.097089195251465,0.8623585765801765,1.00000057220459,1.1680077279964343e-07
sigmaV2_10_sigmaW2_10,DPFNet-HMC,95,10.105234336853027,1.4507401566420899,1.0000003576278687,7.539457464619587e-08
sigmaV2_10_sigmaW2_10,DPFNet-HMC,96,9.98107681274414,1.39913299010457,1.0000004291534423,5.840038639982172e-08
sigmaV2_10_sigmaW2_10,DPFNet-HMC,97,10.122665786743164,1.0351672006542487,1.0000005960464478,1.6858739404357614e-07
sigmaV2_10_sigmaW2_10,DPFNet-HMC,98,9.78417739868164,0.6964044015980767,1.00000057220459,1.1680077279964342e-07
sigmaV2_10_sigmaW2_10,DPFNet-HMC,99,9.281842803955078,0.9502468589710513,1.000000500679016,1.3902072655785801e-07
sigmaV2_10_sigmaW2_10,DPFNet-HMC,100,12.004377937316894,0.9396966992685484,1.0000004291534423,1.215700987241932e-07
sigmaV2_10_sigmaW2_10,DPFOT,1,57.756920623779294,1.3139816534422968,7599.520678710937,11950.868511558854
sigmaV2_10_sigmaW2_10,DPFOT,2,73.63186187744141,4.206942937363684,695211984.0,718745208.0105484
sigmaV2_10_sigmaW2_10,DPFOT,3,71.0764892578125,3.547606345257193,23405247.89375,28920163.215874445
sigmaV2_10_sigmaW2_10,DPFOT,4,57.19987030029297,12.67613094823876,122984043.10039063,143539151.99140722
sigmaV2_10_sigmaW2_10,DPFOT,5,66.616455078125,3.442240906566964,30699257.375,47364510.109741904
sigmaV2_10_sigmaW2_10,DPFOT,6,59.72421493530273,7.027674028677927,131985315.29375,202868637.0207202
sigmaV2_10_sigmaW2_10,DPFOT,7,48.93429183959961,6.903240894738593,2792022.8363311766,5286490.6312413
sigmaV2_10_sigmaW2_10,DPFOT,8,75.31789855957031,6.3793653804300625,14006477.23125,12729807.886563284
sigmaV2_10_sigmaW2_10,DPFOT,9,59.24428863525391,2.476231611372718,127521987.6,134261407.9200379
sigmaV2_10_sigmaW2_10,DPFOT,10,56.61648941040039,1.62712677257951,293899.5296875,251816.99090631
sigmaV2_10_sigmaW2_10,DPFOT,11,72.09685974121093,5.752265526274765,7375610.75,5940522.686853822
sigmaV2_10_sigmaW2_10,DPFOT,12,34.73846855163574,5.950599958771236,44777.69853515625,55994.459296617235
sigmaV2_10_sigmaW2_10,DPFOT,13,72.45215454101563,3.18616424603546,37394431.05996094,62342193.219832495
sigmaV2_10_sigmaW2_10,DPFOT,14,49.379051971435544,8.70174616062531,1158620.9484375,1201934.5622315614
sigmaV2_10_sigmaW2_10,DPFOT,15,51.947418975830075,5.244096776390809,1845518.56015625,2266849.213452368
sigmaV2_10_sigmaW2_10,DPFOT,16,76.98031311035156,8.986439495983232,160459934.334375,226061341.45800498
sigmaV2_10_sigmaW2_10,DPFOT,17,46.23188247680664,17.31997813620478,37764752.70360794,66527800.441439316
sigmaV2_10_sigmaW2_10,DPFOT,18,61.95943603515625,5.8693234163365755,124098.4578125,113436.31297650537
sigmaV2_10_sigmaW2_10,DPFOT,19,70.14430236816406,4.272095280275087,12525992.1625,8271630.802515814
sigmaV2_10_sigmaW2_10,DPFOT,20,45.54987564086914,3.0289891666227122,1283919.335546875,2028413.041186144
sigmaV2_10_sigmaW2_10,DPFOT,21,64.57661361694336,3.3047284326765363,1122318.03125,782617.4831787368
sigmaV2_10_sigmaW2_10,DPFOT,22,53.16352844238281,7.146180207261546,823668.56875,604410.4792757155
sigmaV2_10_sigmaW2_10,DPFOT,23,59.08240661621094,2.535867529118548,176013475.0125,215541211.08108076
sigmaV2_10_sigmaW2_10,DPFOT,24,69.92785339355468,9.146319857719407,103019051.1375,180802308.51427835
sigmaV2_10_sigmaW2_10,DPFOT,25,44.50913772583008,8.905831899535045,427087.8721679688,561203.6049004006
sigmaV2_10_sigmaW2_10,DPFOT,26,74.68258819580078,4.981142025794003,1300343542.4,1268517160.1138394
sigmaV2_10_sigmaW2_10,DPFOT,27,64.05142135620117,11.057519726324937,30942220.38203125,39088016.21477243
sigmaV2_10_sigmaW2_10,DPFOT,28,37.838522338867186,10.083378625356518,6641.428542327881,7994.6829930092135
sigmaV2_10_sigmaW2_10,DPFOT,29,82.99562072753906,7.568787509269669,38066121.145117186,54814147.1012992
sigmaV2_10_sigmaW2_10,DPFOT,30,57.43368682861328,1.1548788617002164,32916648.6,16808850.806049265
sigmaV2_10_sigmaW2_10,DPFOT,31,69.82512664794922,1.1054498509537152,67450135.4,51564320.64009162
sigmaV2_10_sigmaW2_10,DPFOT,32,72.24848175048828,5.432363140516681,221079517.6,182144133.5573702
sigmaV2_10_sigmaW2_10,DPFOT,33,37.29522285461426,5.030797153627078,33429.397265625,31709.723668697836
sigmaV2_10_sigmaW2_10,DPFOT,34,88.1557601928711,6.942994208520657,505559596.8,472573698.8217089
sigmaV2_10_sigmaW2_10,DPFOT,35,60.839257049560544,11.950029202660316,111109124.921875,173249583.61447182
sigmaV2_10_sigmaW2_10,DPFOT,36,50.19475479125977,9.302540380424942,502038.3983398437,931305.9486333767
sigmaV2_10_sigmaW2_10,DPFOT,37,85.34121246337891,2.8234564631367367,87849193.75,95138279.83714405
sigmaV2_10_sigmaW2_10,DPFOT,38,46.52286338806152,14.679639241325848,26302362.615779877,45127262.51863886
sigmaV2_10_sigmaW2_10,DPFOT,39,63.29266586303711,7.455650009716713,117168.9609375,135752.1685793897
sigmaV2_10_sigmaW2_10,DPFOT,40,78.49083862304687,3.697717778123073,395549804.0,569997261.0504409
sigmaV2_10_sigmaW2_10,DPFOT,41,40.62419662475586,3.429208318031206,25266.29304046631,21794.83593414875
sigmaV2_10_sigmaW2_10,DPFOT,42,89.43672790527344,6.375263338599865,95871553.7546875,152552309.73367512
sigmaV2_10_sigmaW2_10,DPFOT,43,62.021925354003905,10.46552436242944,781587787.325,1240257328.8060472
sigmaV2_10_sigmaW2_10,DPFOT,44,57.266971588134766,4.701458813248333,266778.7413085938,186393.05789142995
sigmaV2_10_sigmaW2_10,DPFOT,45,81.88420867919922,2.3762499857824424,757554971.2,777267270.5826473
sigmaV2_10_sigmaW2_10,DPFOT,46,52.79708633422852,7.544607661649407,99967581.81289062,124956280.23008305
sigmaV2_10_sigmaW2_10,DPFOT,47,70.18928527832031,5.04348127361779,47272147.68476562,93807629.73463665
sigmaV2_10_sigmaW2_10,DPFOT,48,70.76497879028321,11.564875481748508,985100775.9792969,1486061584.1375525
sigmaV2_10_sigmaW2_10,DPFOT,49,44.20932846069336,3.5420720139257225,20904.151014709474,17986.70955600221
sigmaV2_10_sigmaW2_10,DPFOT,50,85.57102661132812,6.217288683073759,2156076.81171875,2537076.7148179165
sigmaV2_10_sigmaW2_10,DPFOT,51,60.55337295532227,3.616066446704683,367689120.8,326100676.7009082
sigmaV2_10_sigmaW2_10,DPFOT,52,62.73064346313477,0.25767871762986755,381212.83125,176293.25959738047
sigmaV2_10_sigmaW2_10,DPFOT,53,81.91436462402343,2.8196998668664564,198800974.4,198408357.12635052
sigmaV2_10_sigmaW2_10,DPFOT,54,61.713521575927736,1.8040341183195339,4151631.62421875,4738668.524182555
sigmaV2_10_sigmaW2_10,DPFOT,55,74.95079956054687,3.0210422415790115,67406989.6375,92997439.5236883
sigmaV2_10_sigmaW2_10,DPFOT,56,65.29999465942383,3.1373568126646805,591430899.2,958374577.6108673
sigmaV2_10_sigmaW2_10,DPFOT,57,54.12469253540039,1.0586708954563704,72392.9603515625,32156.7688178329
sigmaV2_10_sigmaW2_10,DPFOT,58,83.27425079345703,5.476527127769938,44503484.1,45143778.70646514
sigmaV2_10_sigmaW2_10,DPFOT,59,55.26340560913086,10.551036826509192,145652463.6,203570145.35866445
sigmaV2_10_sigmaW2_10,DPFOT,60,64.71865386962891,4.200928854072299,3558242.89765625,5328680.453216855
sigmaV2_10_sigmaW2_10,DPFOT,61,53.22300796508789,1.9548503112620328,579994.64375,716070.4245337571
sigmaV2_10_sigmaW2_10,DPFOT,62,52.63764953613281,4.3355861115598975,93984016.021875,111865276.73091511
sigmaV2_10_sigmaW2_10,DPFOT,63,74.97980728149415,8.764531326064613,395707030.4,253654639.36693153
sigmaV2_10_sigmaW2_10,DPFOT,64,51.37533531188965,18.393427559233952,214311754.24648437,231926150.0197481
sigmaV2_10_sigmaW2_10,DPFOT,65,61.904718017578126,6.112366070852166,1309125.096875,1051003.2581548025
sigmaV2_10_sigmaW2_10,DPFOT,66,83.01568603515625,5.331781594899651,234084470.45,198561336.39632875
sigmaV2_10_sigmaW2_10,DPFOT,67,42.895074462890626,9.295555782418077,1595174.514794922,3082341.9781769235
sigmaV2_10_sigmaW2_10,DPFOT,68,72.60191955566407,3.7781083420950696,316450963.45,498858958.16676915
sigmaV2_10_sigmaW2_10,DPFOT,69,56.1193115234375,4.941850831884914,43112503.2875,38435079.331213854
sigmaV2_10_sigmaW2_10,DPFOT,70,44.00056838989258,3.524134839937569,19873.847091674805,25884.77792931511
sigmaV2_10_sigmaW2_10,DPFOT,71,80.25403289794922,4.242803263295452,36852105.57285156,48447977.58249115
sigmaV2_10_sigmaW2_10,DPFOT,72,56.978623962402345,3.3276555070400895,148758758.4,109714256.43891358
sigmaV2_10_sigmaW2_10,DPFOT,73,67.86393356323242,4.674890567937192,26015632.675,33999575.030203566
sigmaV2_10_sigmaW2_10,DPFOT,74,75.28852844238281,3.2003969474133123,899811838.9,1717642386.595701
sigmaV2_10_sigmaW2_10,DPFOT,75,49.0911506652832,4.431498040919484,1400561.05234375,2625142.0050035687
sigmaV2_10_sigmaW2_10,DPFOT,76,69.92399749755859,3.419357421918713,73599287.46875,145149295.9073365
sigmaV2_10_sigmaW2_10,DPFOT,77,73.27116394042969,3.8949686504322214,396964082.4,350411782.7099738
sigmaV2_10_sigmaW2_10,DPFOT,78,65.4482208251953,1.3511497888413528,2664934.075,1024410.6878412754
sigmaV2_10_sigmaW2_10,DPFOT,79,65.63375396728516,3.773395132206347,21389805.475,25260127.37028035
sigmaV2_10_sigmaW2_10,DPFOT,80,33.8504451751709,2.765262884269932,27911.75,20206.809374363373
sigmaV2_10_sigmaW2_10,DPFOT,81,75.19007263183593,4.816801060898345,1528636.321875,2131095.244783034
sigmaV2_10_sigmaW2_10,DPFOT,82,66.38419876098632,5.774565281011498,411772782.4,303652766.48198754
sigmaV2_10_sigmaW2_10,DPFOT,83,56.053532409667966,4.671012945632864,56004915.75,66372417.84324132
sigmaV2_10_sigmaW2_10,DPFOT,84,85.44722290039063,6.683956783451025,1108198628.8,1316262618.8089213
sigmaV2_10_sigmaW2_10,DPFOT,85,40.52804374694824,9.484833693123262,72382.81894683838,77229.8802014012
sigmaV2_10_sigmaW2_10,DPFOT,86,63.4771224975586,8.243418433930461,26361071.33046875,30346136.149514593
sigmaV2_10_sigmaW2_10,DPFOT,87,80.13474578857422,5.074819023895938,692119763.2,194351202.52516586
sigmaV2_10_sigmaW2_10,DPFOT,88,44.89429550170898,3.445050668263308,40748.484155273436,34941.57621231002
sigmaV2_10_sigmaW2_10,DPFOT,89,73.09734497070312,2.603355777147287,746839.154296875,876581.5021655519
sigmaV2_10_sigmaW2_10,DPFOT,90,65.37020950317383,5.467405828717103,122966615.45,162005795.22927225
sigmaV2_10_sigmaW2_10,DPFOT,91,43.66885223388672,4.1498324603425045,22412.9237739563,17199.729271954257
sigmaV2_10_sigmaW2_10,DPFOT,92,70.45594329833985,4.922860124854315,1554178.130078125,2929588.373737604
sigmaV2_10_sigmaW2_10,DPFOT,93,36.862107849121095,4.985596621919438,65113.3201171875,61192.78819319647
sigmaV2_10_sigmaW2_10,DPFOT,94,78.303662109375,2.751682638835548,71899351.1375,99590820.9231562
sigmaV2_10_sigmaW2_10,DPFOT,95,67.58871917724609,9.798249060243311,57417675.65625,53954063.06233226
sigmaV2_10_sigmaW2_10,DPFOT,96,52.551580810546874,3.3371839771104654,1014408.2375,539561.4663909194
sigmaV2_10_sigmaW2_10,DPFOT,97,68.05131454467774,4.777850374895631,28741383.53984375,34318188.610249415
sigmaV2_10_sigmaW2_10,DPFOT,98,49.436692810058595,7.814539879514506,814124.205053711,685052.6628540311
sigmaV2_10_sigmaW2_10,DPFOT,99,50.78461685180664,2.4604694818689326,30244.728607177734,32721.4550295847
sigmaV2_10_sigmaW2_10,DPFOT,100,83.53057250976562,6.974900595487624,319171838.4,334646993.1880797
sigmaV2_10_sigmaW2_10,DPFOT-HMC,1,56.98994140625,1.5821378240469535,12527.3025390625,9179.628719345703
sigmaV2_10_sigmaW2_10,DPFOT-HMC,2,66.36867599487304,6.110431798818825,2383445812.4,2809861668.466973
sigmaV2_10_sigmaW2_10,DPFOT-HMC,3,64.83345336914063,9.290320558182346,400116323.78125,650658309.3822767
sigmaV2_10_sigmaW2_10,DPFOT-HMC,4,53.04163284301758,13.007627135703471,1242487177.699414,2226626669.83198
sigmaV2_10_sigmaW2_10,DPFOT-HMC,5,60.20540008544922,1.5541938315474049,1445231.390625,975577.4010032533
sigmaV2_10_sigmaW2_10,DPFOT-HMC,6,61.24566650390625,4.235181969405428,6977489.159375,5777709.001400292
sigmaV2_10_sigmaW2_10,DPFOT-HMC,7,51.26071319580078,6.352889063850399,408937034.8095215,806568848.275178
sigmaV2_10_sigmaW2_10,DPFOT-HMC,8,70.46376190185546,1.2955531687900796,106014184.9,195235692.3280583
sigmaV2_10_sigmaW2_10,DPFOT-HMC,9,57.237928771972655,3.830866636704117,100789509.0,90526872.12757695
sigmaV2_10_sigmaW2_10,DPFOT-HMC,10,55.0398063659668,3.6557762180283557,160606.62958984374,122318.1007567241
sigmaV2_10_sigmaW2_10,DPFOT-HMC,11,73.7052833557129,5.471997688813232,8656278.45,8858153.580122637
sigmaV2_10_sigmaW2_10,DPFOT-HMC,12,29.94092140197754,1.4358133715201378,5321.104052734375,1435.0789072383511
sigmaV2_10_sigmaW2_10,DPFOT-HMC,13,69.13654556274415,5.7809786316239995,28828414.41328125,47117644.9574878
sigmaV2_10_sigmaW2_10,DPFOT-HMC,14,47.84310302734375,4.671096298962056,11401768.36328125,19590226.11117365
sigmaV2_10_sigmaW2_10,DPFOT-HMC,15,51.79326553344727,3.336737834121618,630892793.4765625,1215518109.9785645
sigmaV2_10_sigmaW2_10,DPFOT-HMC,16,70.39380493164063,3.2515270630475563,281314015.6,291339518.0696702
sigmaV2_10_sigmaW2_10,DPFOT-HMC,17,55.42985534667969,6.282345877598802,19729395.675,13659208.958105708
sigmaV2_10_sigmaW2_10,DPFOT-HMC,18,57.37960510253906,3.865221238874012,132551.8009765625,131987.73367465526
sigmaV2_10_sigmaW2_10,DPFOT-HMC,19,70.1002914428711,2.0814473519991346,10757618.375,9951843.174581487
sigmaV2_10_sigmaW2_10,DPFOT-HMC,20,46.155615234375,6.625680888629186,26514754.666796874,33932841.968892395
sigmaV2_10_sigmaW2_10,DPFOT-HMC,21,65.17443923950195,4.978280674793219,2511631.77265625,3973983.354372329
sigmaV2_10_sigmaW2_10,DPFOT-HMC,22,54.852961730957034,5.442074207778313,1208167.18125,1741071.1578588593
sigmaV2_10_sigmaW2_10,DPFOT-HMC,23,59.50168304443359,2.727943341001779,18244232.225,19109372.427634258
sigmaV2_10_sigmaW2_10,DPFOT-HMC,24,67.67872467041016,9.207401892326823,32267993.615625,45911739.4617143
sigmaV2_10_sigmaW2_10,DPFOT-HMC,25,42.76772232055664,8.89973368523473,313203.7983154297,568220.3327853674
sigmaV2_10_sigmaW2_10,DPFOT-HMC,26,71.38206939697265,8.957913749542083,267465828.8,268253689.22957337
sigmaV2_10_sigmaW2_10,DPFOT-HMC,27,65.14471435546875,7.846491266151763,105301145.175,63467808.922841884
sigmaV2_10_sigmaW2_10,DPFOT-HMC,28,32.60766944885254,2.324474158766072,7892.118725585938,7523.046466566915
sigmaV2_10_sigmaW2_10,DPFOT-HMC,29,84.21738128662109,4.0107739676900405,28958095.0,32647159.814170077
sigmaV2_10_sigmaW2_10,DPFOT-HMC,30,50.49579391479492,12.209751559432018,34607563.992810056,58377683.548518986
sigmaV2_10_sigmaW2_10,DPFOT-HMC,31,64.8169937133789,3.881284134713846,10569847.9,11128790.643477034
sigmaV2_10_sigmaW2_10,DPFOT-HMC,32,73.36990661621094,3.5493991518779295,39010318.775,42234230.021574765
sigmaV2_10_sigmaW2_10,DPFOT-HMC,33,32.39817771911621,1.5727661237818378,8704.525830078124,5169.077421711392
sigmaV2_10_sigmaW2_10,DPFOT-HMC,34,83.9685287475586,4.117587414392353,248580635.2,174398115.53560737
sigmaV2_10_sigmaW2_10,DPFOT-HMC,35,38.98383674621582,12.595996048500993,9922566.270068359,12569335.27321716
sigmaV2_10_sigmaW2_10,DPFOT-HMC,36,45.34828262329101,4.901609754457861,60844.2181640625,73349.41300586112
sigmaV2_10_sigmaW2_10,DPFOT-HMC,37,82.79858856201172,2.489334649762001,317030446.4,429372959.97019684
sigmaV2_10_sigmaW2_10,DPFOT-HMC,38,47.41537246704102,11.665821133057264,1298622.5291992188,1744706.897844678
sigmaV2_10_sigmaW2_10,DPFOT-HMC,39,59.04214859008789,4.281798287245224,51906.940625,18637.89307463185
sigmaV2_10_sigmaW2_10,DPFOT-HMC,40,75.22578582763671,6.135310454810814,177047954.4,172336878.052451
sigmaV2_10_sigmaW2_10,DPFOT-HMC,41,38.03074340820312,2.723926017568848,18418.11552734375,14161.528859480894
sigmaV2_10_sigmaW2_10,DPFOT-HMC,42,84.80123291015624,1.8964708688426415,152451743.2,150568376.35153484
sigmaV2_10_sigmaW2_10,DPFOT-HMC,43,50.1642951965332,16.31763169583906,67436373.6734375,76030030.24112979
sigmaV2_10_sigmaW2_10,DPFOT-HMC,44,50.17889251708984,3.2309402343432434,70575.13125,31911.38247063221
sigmaV2_10_sigmaW2_10,DPFOT-HMC,45,87.95176696777344,6.418962388124378,317619830.4,332716395.678149
sigmaV2_10_sigmaW2_10,DPFOT-HMC,46,47.34636535644531,13.236238789493216,1997372.093359375,3112181.271571922
sigmaV2_10_sigmaW2_10,DPFOT-HMC,47,69.72602081298828,6.06172239829942,59236392.975,90917384.7230413
sigmaV2_10_sigmaW2_10,DPFOT-HMC,48,60.9520378112793,10.011665622327522,130525848.2671875,239366744.32689986
sigmaV2_10_sigmaW2_10,DPFOT-HMC,49,41.850554656982425,5.136859955583634,18513.0484375,16443.056906992962
sigmaV2_10_sigmaW2_10,DPFOT-HMC,50,76.73441619873047,4.146775904375974,2957011.11171875,4711553.104143055
sigmaV2_10_sigmaW2_10,DPFOT-HMC,51,49.11005401611328,7.715046588999777,70154244.80976562,47337312.86566031
sigmaV2_10_sigmaW2_10,DPFOT-HMC,52,55.94011688232422,4.171576290178487,212931.13046875,226572.43928174675
sigmaV2_10_sigmaW2_10,DPFOT-HMC,53,81.89085693359375,3.6843281266275087,21104408.56640625,26446610.060380917
sigmaV2_10_sigmaW2_10,DPFOT-HMC,54,52.788255310058595,8.900055486665737,1608645.2234375,2846722.9689557836
sigmaV2_10_sigmaW2_10,DPFOT-HMC,55,71.2979507446289,3.920438189827372,12136651.33125,10521816.117801562
sigmaV2_10_sigmaW2_10,DPFOT-HMC,56,59.848269653320315,7.140111554570041,162690017.31875,268340534.90803066
sigmaV2_10_sigmaW2_10,DPFOT-HMC,57,52.23262176513672,3.05794522334136,80219.062109375,76316.59540874236
sigmaV2_10_sigmaW2_10,DPFOT-HMC,58,77.82633209228516,4.966699784738958,451060497.50625,862465577.0834686
sigmaV2_10_sigmaW2_10,DPFOT-HMC,59,47.78201599121094,7.115103226288374,33668084.35117187,45868062.475360006
sigmaV2_10_sigmaW2_10,DPFOT-HMC,60,63.205572509765624,3.7444223353836708,24095194.53125,46904425.31195783
sigmaV2_10_sigmaW2_10,DPFOT-HMC,61,52.43533630371094,3.957719796481369,31483187.33125,58560133.41912653
sigmaV2_10_sigmaW2_10,DPFOT-HMC,62,51.41060180664063,4.366788194837041,129573487.525,145161817.68411115
sigmaV2_10_sigmaW2_10,DPFOT-HMC,63,66.97516555786133,6.307348421906061,863627643.2,1607030969.1070228
sigmaV2_10_sigmaW2_10,DPFOT-HMC,64,52.13260955810547,12.60689128508401,23150315.057958983,28311902.230049435
sigmaV2_10_sigmaW2_10,DPFOT-HMC,65,55.09391784667969,3.101135311307086,97607.95556640625,65511.313419286926
sigmaV2_10_sigmaW2_10,DPFOT-HMC,66,81.73966674804687,5.061354105525212,291930971.2,406203830.1780915
sigmaV2_10_sigmaW2_10,DPFOT-HMC,67,44.05433578491211,5.304934250514168,24211.5017578125,22788.085853122393
sigmaV2_10_sigmaW2_10,DPFOT-HMC,68,74.7374267578125,4.228256827299347,183078042.0,212493139.35763222
sigmaV2_10_sigmaW2_10,DPFOT-HMC,69,47.67193756103516,9.197767002821365,1942262.4052856446,3327080.4785679705
sigmaV2_10_sigmaW2_10,DPFOT-HMC,70,39.89490585327148,1.9765105984716518,3812.6903076171875,2455.1714510261713
sigmaV2_10_sigmaW2_10,DPFOT-HMC,71,73.12488098144532,2.6182627275891535,18055908.7625,29087454.37486545
sigmaV2_10_sigmaW2_10,DPFOT-HMC,72,57.32747573852539,10.571346035574587,390757703.078125,700021185.5821697
sigmaV2_10_sigmaW2_10,DPFOT-HMC,73,68.00060577392578,3.8237311104177327,13799872.75,10209142.077085212
sigmaV2_10_sigmaW2_10,DPFOT-HMC,74,67.51897583007812,3.988962024182415,15291472.5,14587980.855764758
sigmaV2_10_sigmaW2_10,DPFOT-HMC,75,46.36546020507812,6.318711739027153,2331544.435107422,4027638.613846126
sigmaV2_10_sigmaW2_10,DPFOT-HMC,76,64.59017028808594,3.6684588246350334,617296.4200195313,990392.4972386516
sigmaV2_10_sigmaW2_10,DPFOT-HMC,77,71.67771453857422,4.0836319854565595,110373296.4,67592377.22896203
sigmaV2_10_sigmaW2_10,DPFOT-HMC,78,62.30861358642578,2.604781527017568,6349172.39375,8083451.452689873
sigmaV2_10_sigmaW2_10,DPFOT-HMC,79,62.11453857421875,2.7942515501804532,25605404.45,35730562.370404504
sigmaV2_10_sigmaW2_10,DPFOT-HMC,80,31.230349349975587,6.739113494890195,13354.981396484374,13058.257494905727
sigmaV2_10_sigmaW2_10,DPFOT-HMC,81,76.6792999267578,1.6869400590397587,3434196.751953125,4029726.345783874
sigmaV2_10_sigmaW2_10,DPFOT-HMC,82,64.86159896850586,4.141982306782095,52653231.85,54508287.73136334
sigmaV2_10_sigmaW2_10,DPFOT-HMC,83,55.54342193603516,4.948631983047439,28538318.25,29250205.100209266
sigmaV2_10_sigmaW2_10,DPFOT-HMC,84,73.02616882324219,12.896045782125416,87354817.5,64499003.74851647
sigmaV2_10_sigmaW2_10,DPFOT-HMC,85,46.518202209472655,8.837817107427204,22371079.999023438,37958871.71481727
sigmaV2_10_sigmaW2_10,DPFOT-HMC,86,58.44620971679687,5.0132699485113275,13117734.32265625,19933962.949081443
sigmaV2_10_sigmaW2_10,DPFOT-HMC,87,77.70186004638671,4.495990552317558,595524205.6,941739387.2257378
sigmaV2_10_sigmaW2_10,DPFOT-HMC,88,41.18330841064453,4.549388332481597,73922.35,87749.21318557583
sigmaV2_10_sigmaW2_10,DPFOT-HMC,89,70.92653198242188,2.7490784820589953,698829.007421875,1100459.2289827839
sigmaV2_10_sigmaW2_10,DPFOT-HMC,90,64.30058517456055,1.1286662551111437,364065962.0,448280232.04432815
sigmaV2_10_sigmaW2_10,DPFOT-HMC,91,41.4260009765625,2.573075496981954,9870.775854492187,7441.8390395240785
sigmaV2_10_sigmaW2_10,DPFOT-HMC,92,69.74900665283204,3.257287313619355,101628.174609375,86930.22446451236
sigmaV2_10_sigmaW2_10,DPFOT-HMC,93,36.77267951965332,6.857012625672355,103536.81181640625,181232.35848174113
sigmaV2_10_sigmaW2_10,DPFOT-HMC,94,72.5951156616211,4.70342657838536,2712444.6685546874,4484743.802844818
sigmaV2_10_sigmaW2_10,DPFOT-HMC,95,70.28048858642578,7.793183076540733,54545184.3,30343941.701285634
sigmaV2_10_sigmaW2_10,DPFOT-HMC,96,46.97600555419922,4.151864397487446,192912.86875,139781.44945932328
sigmaV2_10_sigmaW2_10,DPFOT-HMC,97,66.4372314453125,2.9208769354334514,64703204.56953125,126316476.80371276
sigmaV2_10_sigmaW2_10,DPFOT-HMC,98,55.53478012084961,2.4900875275578027,9475542.671875,17360127.248925228
sigmaV2_10_sigmaW2_10,DPFOT-HMC,99,51.18574523925781,1.114162772510501,61331.29921875,30703.109597720137
sigmaV2_10_sigmaW2_10,DPFOT-HMC,100,82.86567993164063,4.032316820341761,441393192.65,467151223.9457142
sigmaV2_10_sigmaW2_10,DPFS,1,0.0,0.0,1.0000001430511474,4.7683715820312496e-08
sigmaV2_10_sigmaW2_10,DPFS,2,0.0,0.0,1.0000001430511474,8.920806376395085e-08
sigmaV2_10_sigmaW2_10,DPFS,3,0.0,0.0,1.0000002145767213,8.920806376395085e-08
sigmaV2_10_sigmaW2_10,DPFS,4,0.0,0.0,1.0000001907348632,5.840038639982172e-08
sigmaV2_10_sigmaW2_10,DPFS,5,0.0,0.0,1.0000001668930054,5.840038639982172e-08
sigmaV2_10_sigmaW2_10,DPFS,6,0.0,0.0,1.0000002145767213,8.920806376395085e-08
sigmaV2_10_sigmaW2_10,DPFS,7,0.0,0.0,1.0000002145767213,8.920806376395086e-08
sigmaV2_10_sigmaW2_10,DPFS,8,0.0,0.0,1.000000262260437,1.3902072655785801e-07
sigmaV2_10_sigmaW2_10,DPFS,9,0.0,0.0,1.0000001668930054,5.840038639982172e-08
sigmaV2_10_sigmaW2_10,DPFS,10,0.0,0.0,1.0000002145767213,4.76837158203125e-08
sigmaV2_10_sigmaW2_10,DPFS,11,0.0,0.0,1.0000002145767213,4.7683715820312496e-08
sigmaV2_10_sigmaW2_10,DPFS,12,0.0,0.0,1.0000001668930054,5.840038639982172e-08
sigmaV2_10_sigmaW2_10,DPFS,13,0.0,0.0,1.000000286102295,9.536743164062499e-08
sigmaV2_10_sigmaW2_10,DPFS,14,0.0,0.0,1.0000001668930054,5.840038639982172e-08
sigmaV2_10_sigmaW2_10,DPFS,15,0.0,0.0,1.0000001907348632,5.840038639982172e-08
sigmaV2_10_sigmaW2_10,DPFS,16,0.0,0.0,1.0000001668930054,5.840038639982171e-08
sigmaV2_10_sigmaW2_10,DPFS,17,0.0,0.0,1.0000002145767213,8.920806376395085e-08
sigmaV2_10_sigmaW2_10,DPFS,18,0.0,0.0,1.0000001907348632,9.5367431640625e-08
sigmaV2_10_sigmaW2_10,DPFS,19,0.0,0.0,1.0000001668930054,5.840038639982172e-08
sigmaV2_10_sigmaW2_10,DPFS,20,0.0,0.0,1.0000001907348632,5.840038639982172e-08
sigmaV2_10_sigmaW2_10,DPFS,21,0.0,0.0,1.0000001668930054,5.840038639982172e-08
sigmaV2_10_sigmaW2_10,DPFS,22,0.0,0.0,1.0000001192092896,0.0
sigmaV2_10_sigmaW2_10,DPFS,23,0.0,0.0,1.0000002145767213,4.7683715820312496e-08
sigmaV2_10_sigmaW2_10,DPFS,24,0.0,0.0,1.0000002145767213,4.7683715820312496e-08
sigmaV2_10_sigmaW2_10,DPFS,25,0.0,0.0,1.0000001668930054,5.840038639982172e-08
sigmaV2_10_sigmaW2_10,DPFS,26,0.0,0.0,1.0000001668930054,5.840038639982172e-08
sigmaV2_10_sigmaW2_10,DPFS,27,0.0,0.0,1.000000262260437,1.1680077279964342e-07
sigmaV2_10_sigmaW2_10,DPFS,28,0.0,0.0,1.0000001907348632,5.840038639982172e-08
sigmaV2_10_sigmaW2_10,DPFS,29,0.0,0.0,1.000000238418579,7.539457464619587e-08
sigmaV2_10_sigmaW2_10,DPFS,30,0.0,0.0,1.0000002145767213,8.920806376395085e-08
sigmaV2_10_sigmaW2_10,DPFS,31,0.0,0.0,1.000000286102295,5.840038639982172e-08
sigmaV2_10_sigmaW2_10,DPFS,32,0.0,0.0,1.000000262260437,8.920806376395086e-08
sigmaV2_10_sigmaW2_10,DPFS,33,0.0,0.0,1.0000002145767213,8.920806376395085e-08
sigmaV2_10_sigmaW2_10,DPFS,34,0.0,0.0,1.0000002145767213,4.7683715820312496e-08
sigmaV2_10_sigmaW2_10,DPFS,35,0.0,0.0,1.0000002145767213,8.920806376395085e-08
sigmaV2_10_sigmaW2_10,DPFS,36,0.0,0.0,1.000000238418579,1.066240299940009e-07
sigmaV2_10_sigmaW2_10,DPFS,37,0.0,0.0,1.000000238418579,7.539457464619587e-08
sigmaV2_10_sigmaW2_10,DPFS,38,0.0,0.0,1.000000238418579,0.0
sigmaV2_10_sigmaW2_10,DPFS,39,0.0,0.0,1.0000001907348632,5.840038639982172e-08
sigmaV2_10_sigmaW2_10,DPFS,40,0.0,0.0,1.0000001907348632,5.840038639982171e-08
sigmaV2_10_sigmaW2_10,DPFS,41,0.0,0.0,1.0000001192092896,0.0
sigmaV2_10_sigmaW2_10,DPFS,42,0.0,0.0,1.000000238418579,1.3058723390225555e-07
sigmaV2_10_sigmaW2_10,DPFS,43,0.0,0.0,1.0000001668930054,5.840038639982172e-08
sigmaV2_10_sigmaW2_10,DPFS,44,0.0,0.0,1.0000003099441528,1.784161275279017e-07
sigmaV2_10_sigmaW2_10,DPFS,45,0.0,0.0,1.0000002145767213,1.9073486328124998e-07
sigmaV2_10_sigmaW2_10,DPFS,46,0.0,0.0,1.0000001907348632,5.840038639982171e-08
sigmaV2_10_sigmaW2_10,DPFS,47,0.0,0.0,1.0000001668930054,5.840038639982172e-08
sigmaV2_10_sigmaW2_10,DPFS,48,0.0,0.0,1.0000001668930054,5.840038639982171e-08
sigmaV2_10_sigmaW2_10,DPFS,49,0.0,0.0,1.000000238418579,7.539457464619587e-08
sigmaV2_10_sigmaW2_10,DPFS,50,0.0,0.0,1.000000262260437,8.920806376395085e-08
sigmaV2_10_sigmaW2_10,DPFS,51,0.0,0.0,1.0000001907348632,9.536743164062499e-08
sigmaV2_10_sigmaW2_10,DPFS,52,0.0,0.0,1.0000002145767213,4.7683715820312496e-08
sigmaV2_10_sigmaW2_10,DPFS,53,0.0,0.0,1.0000003576278687,7.539457464619587e-08
sigmaV2_10_sigmaW2_10,DPFS,54,0.0,0.0,1.0000002145767213,8.920806376395085e-08
sigmaV2_10_sigmaW2_10,DPFS,55,0.0,0.0,1.0000001907348632,5.840038639982171e-08
sigmaV2_10_sigmaW2_10,DPFS,56,0.0,0.0,1.000000262260437,1.3902072655785801e-07
sigmaV2_10_sigmaW2_10,DPFS,57,0.0,0.0,1.000000238418579,0.0
sigmaV2_10_sigmaW2_10,DPFS,58,0.0,0.0,1.0000002145767213,1.1680077279964342e-07
sigmaV2_10_sigmaW2_10,DPFS,59,0.0,0.0,1.0000001907348632,5.840038639982172e-08
sigmaV2_10_sigmaW2_10,DPFS,60,0.0,0.0,1.000000262260437,1.1680077279964342e-07
sigmaV2_10_sigmaW2_10,DPFS,61,0.0,0.0,1.000000286102295,9.536743164062499e-08
sigmaV2_10_sigmaW2_10,DPFS,62,0.0,0.0,1.0000001907348632,9.5367431640625e-08
sigmaV2_10_sigmaW2_10,DPFS,63,0.0,0.0,1.000000262260437,8.920806376395085e-08
sigmaV2_10_sigmaW2_10,DPFS,64,0.0,0.0,1.000000238418579,7.539457464619587e-08
sigmaV2_10_sigmaW2_10,DPFS,65,0.0,0.0,1.000000262260437,8.920806376395085e-08
sigmaV2_10_sigmaW2_10,DPFS,66,0.0,0.0,1.0000001668930054,9.536743164062499e-08
sigmaV2_10_sigmaW2_10,DPFS,67,0.0,0.0,1.0000001668930054,5.840038639982172e-08
sigmaV2_10_sigmaW2_10,DPFS,68,0.0,0.0,1.0000002145767213,8.920806376395085e-08
sigmaV2_10_sigmaW2_10,DPFS,69,0.0,0.0,1.0000001668930054,5.840038639982172e-08
sigmaV2_10_sigmaW2_10,DPFS,70,0.0,0.0,1.0000002145767213,8.920806376395086e-08
sigmaV2_10_sigmaW2_10,DPFS,71,0.0,0.0,1.0000002145767213,8.920806376395086e-08
sigmaV2_10_sigmaW2_10,DPFS,72,0.0,0.0,1.0000002145767213,1.3902072655785801e-07
sigmaV2_10_sigmaW2_10,DPFS,73,0.0,0.0,1.000000238418579,7.539457464619587e-08
sigmaV2_10_sigmaW2_10,DPFS,74,0.0,0.0,1.0000001907348632,9.536743164062499e-08
sigmaV2_10_sigmaW2_10,DPFS,75,0.0,0.0,1.0000001907348632,5.840038639982172e-08
sigmaV2_10_sigmaW2_10,DPFS,76,0.0,0.0,1.0000001907348632,5.840038639982172e-08
sigmaV2_10_sigmaW2_10,DPFS,77,0.0,0.0,1.0000002145767213,8.920806376395085e-08
sigmaV2_10_sigmaW2_10,DPFS,78,0.0,0.0,1.000000238418579,7.539457464619587e-08
sigmaV2_10_sigmaW2_10,DPFS,79,0.0,0.0,1.0000001668930054,5.840038639982171e-08
sigmaV2_10_sigmaW2_10,DPFS,80,0.0,0.0,1.000000262260437,1.1680077279964343e-07
sigmaV2_10_sigmaW2_10,DPFS,81,0.0,0.0,1.000000238418579,7.539457464619587e-08
sigmaV2_10_sigmaW2_10,DPFS,82,0.0,0.0,1.0000002145767213,4.7683715820312496e-08
sigmaV2_10_sigmaW2_10,DPFS,83,0.0,0.0,1.0000002145767213,8.920806376395086e-08
sigmaV2_10_sigmaW2_10,DPFS,84,0.0,0.0,1.0000002145767213,8.920806376395085e-08
sigmaV2_10_sigmaW2_10,DPFS,85,0.0,0.0,1.0000001907348632,9.536743164062499e-08
sigmaV2_10_sigmaW2_10,DPFS,86,0.0,0.0,1.0000001668930054,5.840038639982172e-08
sigmaV2_10_sigmaW2_10,DPFS,87,0.0,0.0,1.0000001907348632,9.5367431640625e-08
sigmaV2_10_sigmaW2_10,DPFS,88,0.0,0.0,1.000000286102295,9.536743164062499e-08
sigmaV2_10_sigmaW2_10,DPFS,89,0.0,0.0,1.0000001907348632,5.840038639982172e-08
sigmaV2_10_sigmaW2_10,DPFS,90,0.0,0.0,1.000000262260437,4.7683715820312496e-08
sigmaV2_10_sigmaW2_10,DPFS,91,0.0,0.0,1.000000262260437,8.920806376395085e-08
sigmaV2_10_sigmaW2_10,DPFS,92,0.0,0.0,1.0000004053115845,2.78041453115716e-07
sigmaV2_10_sigmaW2_10,DPFS,93,0.0,0.0,1.0000001907348632,5.840038639982171e-08
sigmaV2_10_sigmaW2_10,DPFS,94,0.0,0.0,1.000000238418579,7.539457464619587e-08
sigmaV2_10_sigmaW2_10,DPFS,95,0.0,0.0,1.0000001907348632,5.840038639982172e-08
sigmaV2_10_sigmaW2_10,DPFS,96,0.0,0.0,1.0000001192092896,0.0
sigmaV2_10_sigmaW2_10,DPFS,97,0.0,0.0,1.000000286102295,1.430511474609375e-07
sigmaV2_10_sigmaW2_10,DPFS,98,0.0,0.0,1.0000002145767213,8.920806376395086e-08
sigmaV2_10_sigmaW2_10,DPFS,99,0.0,0.0,1.0000002145767213,4.7683715820312496e-08
sigmaV2_10_sigmaW2_10,DPFS,100,0.0,0.0,1.000000262260437,8.920806376395085e-08
sigmaV2_10_sigmaW2_10,IPFPF,1,0.0,0.0,1.0000001430511474,4.7683715820312496e-08
sigmaV2_10_sigmaW2_10,IPFPF,2,0.0,0.0,1.0000001430511474,8.920806376395085e-08
sigmaV2_10_sigmaW2_10,IPFPF,3,0.0,0.0,1.0000002145767213,4.7683715820312496e-08
sigmaV2_10_sigmaW2_10,IPFPF,4,0.0,0.0,1.0000001668930054,5.840038639982172e-08
sigmaV2_10_sigmaW2_10,IPFPF,5,0.0,0.0,1.0000001668930054,5.840038639982172e-08
sigmaV2_10_sigmaW2_10,IPFPF,6,0.0,0.0,1.0000001668930054,5.840038639982171e-08
sigmaV2_10_sigmaW2_10,IPFPF,7,0.0,0.0,1.0000001430511474,8.920806376395085e-08
sigmaV2_10_sigmaW2_10,IPFPF,8,0.0,0.0,1.0000001668930054,5.840038639982172e-08
sigmaV2_10_sigmaW2_10,IPFPF,9,0.0,0.0,1.0000002145767213,8.920806376395086e-08
sigmaV2_10_sigmaW2_10,IPFPF,10,0.0,0.0,1.0000001192092896,7.539457464619587e-08
sigmaV2_10_sigmaW2_10,IPFPF,11,0.0,0.0,1.0000001907348632,5.840038639982171e-08
sigmaV2_10_sigmaW2_10,IPFPF,12,0.0,0.0,1.0000000953674317,8.920806376395085e-08
sigmaV2_10_sigmaW2_10,IPFPF,13,0.0,0.0,1.0000001907348632,9.536743164062499e-08
sigmaV2_10_sigmaW2_10,IPFPF,14,0.0,0.0,1.0000001430511474,4.7683715820312496e-08
sigmaV2_10_sigmaW2_10,IPFPF,15,0.0,0.0,1.0000001430511474,8.920806376395086e-08
sigmaV2_10_sigmaW2_10,IPFPF,16,0.0,0.0,1.0000001430511474,4.76837158203125e-08
sigmaV2_10_sigmaW2_10,IPFPF,17,0.0,0.0,1.0000001430511474,4.7683715820312496e-08
sigmaV2_10_sigmaW2_10,IPFPF,18,0.0,0.0,1.0000001430511474,8.920806376395085e-08
sigmaV2_10_sigmaW2_10,IPFPF,19,0.0,0.0,1.0000001668930054,5.840038639982172e-08
sigmaV2_10_sigmaW2_10,IPFPF,20,0.0,0.0,1.0000001668930054,5.840038639982172e-08
sigmaV2_10_sigmaW2_10,IPFPF,21,0.0,0.0,1.0000001430511474,8.920806376395085e-08
sigmaV2_10_sigmaW2_10,IPFPF,22,0.0,0.0,1.000000238418579,0.0
sigmaV2_10_sigmaW2_10,IPFPF,23,0.0,0.0,1.0000000953674317,8.920806376395085e-08
sigmaV2_10_sigmaW2_10,IPFPF,24,0.0,0.0,1.0000001430511474,4.7683715820312496e-08
sigmaV2_10_sigmaW2_10,IPFPF,25,0.0,0.0,1.0000001668930054,5.840038639982172e-08
sigmaV2_10_sigmaW2_10,IPFPF,26,0.0,0.0,1.0000002145767213,8.920806376395086e-08
sigmaV2_10_sigmaW2_10,IPFPF,27,0.0,0.0,1.0000001668930054,9.536743164062499e-08
sigmaV2_10_sigmaW2_10,IPFPF,28,0.0,0.0,1.0000001192092896,7.539457464619587e-08
sigmaV2_10_sigmaW2_10,IPFPF,29,0.0,0.0,1.0000001668930054,5.840038639982172e-08
sigmaV2_10_sigmaW2_10,IPFPF,30,0.0,0.0,1.0000001430511474,8.920806376395085e-08
sigmaV2_10_sigmaW2_10,IPFPF,31,0.0,0.0,1.0000000953674317,4.7683715820312496e-08
sigmaV2_10_sigmaW2_10,IPFPF,32,0.0,0.0,1.0000001668930054,5.840038639982172e-08
sigmaV2_10_sigmaW2_10,IPFPF,33,0.0,0.0,1.0000001192092896,7.539457464619587e-08
sigmaV2_10_sigmaW2_10,IPFPF,34,0.0,0.0,1.0000001907348632,9.536743164062499e-08
sigmaV2_10_sigmaW2_10,IPFPF,35,0.0,0.0,1.0000001430511474,4.7683715820312496e-08
sigmaV2_10_sigmaW2_10,IPFPF,36,0.0,0.0,1.0000002145767213,4.76837158203125e-08
sigmaV2_10_sigmaW2_10,IPFPF,37,0.0,0.0,1.0000001430511474,8.920806376395085e-08
sigmaV2_10_sigmaW2_10,IPFPF,38,0.0,0.0,1.0000002145767213,4.7683715820312496e-08
sigmaV2_10_sigmaW2_10,IPFPF,39,0.0,0.0,1.0000001668930054,5.840038639982172e-08
sigmaV2_10_sigmaW2_10,IPFPF,40,0.0,0.0,1.0000001907348632,9.5367431640625e-08
sigmaV2_10_sigmaW2_10,IPFPF,41,0.0,0.0,1.0000001668930054,1.215700987241932e-07
sigmaV2_10_sigmaW2_10,IPFPF,42,0.0,0.0,1.0000001192092896,0.0
sigmaV2_10_sigmaW2_10,IPFPF,43,0.0,0.0,1.0000001907348632,5.840038639982172e-08
sigmaV2_10_sigmaW2_10,IPFPF,44,0.0,0.0,1.0000001668930054,5.840038639982171e-08
sigmaV2_10_sigmaW2_10,IPFPF,45,0.0,0.0,1.0000001668930054,5.840038639982172e-08
sigmaV2_10_sigmaW2_10,IPFPF,46,0.0,0.0,1.0000001668930054,5.840038639982172e-08
sigmaV2_10_sigmaW2_10,IPFPF,47,0.0,0.0,1.0000001430511474,4.7683715820312496e-08
sigmaV2_10_sigmaW2_10,IPFPF,48,0.0,0.0,1.0000001430511474,8.920806376395085e-08
sigmaV2_10_sigmaW2_10,IPFPF,49,0.0,0.0,1.000000238418579,7.539457464619587e-08
sigmaV2_10_sigmaW2_10,IPFPF,50,0.0,0.0,1.0000001192092896,7.539457464619587e-08
sigmaV2_10_sigmaW2_10,IPFPF,51,0.0,0.0,1.0000001668930054,5.840038639982172e-08
sigmaV2_10_sigmaW2_10,IPFPF,52,0.0,0.0,1.0000001668930054,1.215700987241932e-07
sigmaV2_10_sigmaW2_10,IPFPF,53,0.0,0.0,1.0000001668930054,5.840038639982171e-08
sigmaV2_10_sigmaW2_10,IPFPF,54,0.0,0.0,1.0000001668930054,5.840038639982172e-08
sigmaV2_10_sigmaW2_10,IPFPF,55,0.0,0.0,1.0000001430511474,8.920806376395086e-08
sigmaV2_10_sigmaW2_10,IPFPF,56,0.0,0.0,1.0000001907348632,5.840038639982172e-08
sigmaV2_10_sigmaW2_10,IPFPF,57,0.0,0.0,1.0000001430511474,4.7683715820312496e-08
sigmaV2_10_sigmaW2_10,IPFPF,58,0.0,0.0,1.0000000953674317,4.7683715820312496e-08
sigmaV2_10_sigmaW2_10,IPFPF,59,0.0,0.0,1.0000001430511474,4.7683715820312496e-08
sigmaV2_10_sigmaW2_10,IPFPF,60,0.0,0.0,1.0000001192092896,0.0
sigmaV2_10_sigmaW2_10,IPFPF,61,0.0,0.0,1.0000001907348632,5.840038639982172e-08
sigmaV2_10_sigmaW2_10,IPFPF,62,0.0,0.0,1.0000001907348632,1.215700987241932e-07
sigmaV2_10_sigmaW2_10,IPFPF,63,0.0,0.0,1.0000001907348632,9.536743164062499e-08
sigmaV2_10_sigmaW2_10,IPFPF,64,0.0,0.0,1.0000001907348632,9.536743164062499e-08
sigmaV2_10_sigmaW2_10,IPFPF,65,0.0,0.0,1.0000001668930054,9.536743164062499e-08
sigmaV2_10_sigmaW2_10,IPFPF,66,0.0,0.0,1.0000001907348632,5.840038639982172e-08
sigmaV2_10_sigmaW2_10,IPFPF,67,0.0,0.0,1.0000001192092896,0.0
sigmaV2_10_sigmaW2_10,IPFPF,68,0.0,0.0,1.0000001907348632,9.5367431640625e-08
sigmaV2_10_sigmaW2_10,IPFPF,69,0.0,0.0,1.0000001192092896,0.0
sigmaV2_10_sigmaW2_10,IPFPF,70,0.0,0.0,1.0000001430511474,8.920806376395085e-08
sigmaV2_10_sigmaW2_10,IPFPF,71,0.0,0.0,1.0000001430511474,4.7683715820312496e-08
sigmaV2_10_sigmaW2_10,IPFPF,72,0.0,0.0,1.0000001907348632,5.840038639982171e-08
sigmaV2_10_sigmaW2_10,IPFPF,73,0.0,0.0,1.0000001668930054,5.840038639982172e-08
sigmaV2_10_sigmaW2_10,IPFPF,74,0.0,0.0,1.0000001430511474,8.920806376395085e-08
sigmaV2_10_sigmaW2_10,IPFPF,75,0.0,0.0,1.0000001668930054,1.215700987241932e-07
sigmaV2_10_sigmaW2_10,IPFPF,76,0.0,0.0,1.0000001430511474,8.920806376395086e-08
sigmaV2_10_sigmaW2_10,IPFPF,77,0.0,0.0,1.0000001192092896,7.539457464619587e-08
sigmaV2_10_sigmaW2_10,IPFPF,78,0.0,0.0,1.0000001668930054,5.840038639982172e-08
sigmaV2_10_sigmaW2_10,IPFPF,79,0.0,0.0,1.0000001192092896,7.539457464619587e-08
sigmaV2_10_sigmaW2_10,IPFPF,80,0.0,0.0,1.0000001430511474,1.1680077279964343e-07
sigmaV2_10_sigmaW2_10,IPFPF,81,0.0,0.0,1.0000001430511474,1.3902072655785801e-07
sigmaV2_10_sigmaW2_10,IPFPF,82,0.0,0.0,1.0000001192092896,0.0
sigmaV2_10_sigmaW2_10,IPFPF,83,0.0,0.0,1.0000001430511474,8.920806376395086e-08
sigmaV2_10_sigmaW2_10,IPFPF,84,0.0,0.0,1.0000002145767213,4.7683715820312496e-08
sigmaV2_10_sigmaW2_10,IPFPF,85,0.0,0.0,1.0000001907348632,5.840038639982171e-08
sigmaV2_10_sigmaW2_10,IPFPF,86,0.0,0.0,1.0000001430511474,8.920806376395085e-08
sigmaV2_10_sigmaW2_10,IPFPF,87,0.0,0.0,1.0000001668930054,5.840038639982172e-08
sigmaV2_10_sigmaW2_10,IPFPF,88,0.0,0.0,1.0000001668930054,5.840038639982171e-08
sigmaV2_10_sigmaW2_10,IPFPF,89,0.0,0.0,1.0000001907348632,5.840038639982172e-08
sigmaV2_10_sigmaW2_10,IPFPF,90,0.0,0.0,1.000000238418579,7.539457464619587e-08
sigmaV2_10_sigmaW2_10,IPFPF,91,0.0,0.0,1.0000001907348632,9.5367431640625e-08
sigmaV2_10_sigmaW2_10,IPFPF,92,0.0,0.0,1.0000001192092896,7.539457464619587e-08
sigmaV2_10_sigmaW2_10,IPFPF,93,0.0,0.0,1.0000000953674317,4.7683715820312496e-08
sigmaV2_10_sigmaW2_10,IPFPF,94,0.0,0.0,1.0000001430511474,1.1680077279964342e-07
sigmaV2_10_sigmaW2_10,IPFPF,95,0.0,0.0,1.0000001907348632,5.840038639982172e-08
sigmaV2_10_sigmaW2_10,IPFPF,96,0.0,0.0,1.0000001430511474,4.76837158203125e-08
sigmaV2_10_sigmaW2_10,IPFPF,97,0.0,0.0,1.0000001668930054,5.840038639982171e-08
sigmaV2_10_sigmaW2_10,IPFPF,98,0.0,0.0,1.0000001430511474,4.76837158203125e-08
sigmaV2_10_sigmaW2_10,IPFPF,99,0.0,0.0,1.0000001192092896,7.539457464619587e-08
sigmaV2_10_sigmaW2_10,IPFPF,100,0.0,0.0,1.0000001192092896,7.539457464619587e-08
sigmaV2_10_sigmaW2_10,SPFSM,1,1.4382667303085328,0.02823376665407609,1.0225399017333985,0.0020081601718694615
sigmaV2_10_sigmaW2_10,SPFSM,2,1.4292742490768433,0.021556759015493622,1.02943696975708,0.0020742824051676496
sigmaV2_10_sigmaW2_10,SPFSM,3,1.4397266864776612,0.03232195422040114,1.0298569917678833,0.0025213390725844134
sigmaV2_10_sigmaW2_10,SPFSM,4,1.4332778453826904,0.015958036831801806,1.0268913984298706,0.003414863795859478
sigmaV2_10_sigmaW2_10,SPFSM,5,1.4376347303390502,0.02204703512697702,1.0339053869247437,0.00518575924992016
sigmaV2_10_sigmaW2_10,SPFSM,6,1.4317791700363158,0.025191554676217635,1.0257209539413452,0.0010792175905634932
sigmaV2_10_sigmaW2_10,SPFSM,7,1.4190462350845336,0.008282359780010557,1.0304647207260131,0.0026132994880886337
sigmaV2_10_sigmaW2_10,SPFSM,8,1.44164080619812,0.013051230458988119,1.0302831172943114,0.002479703384446656
sigmaV2_10_sigmaW2_10,SPFSM,9,1.4478435516357422,0.014402264249899266,1.0272074222564698,0.0029180751269726034
sigmaV2_10_sigmaW2_10,SPFSM,10,1.4163572788238525,0.03407422948152496,1.032871174812317,0.001925262304159456
sigmaV2_10_sigmaW2_10,SPFSM,11,1.419105863571167,0.008508681158157864,1.0266425371170045,0.002712279444217161
sigmaV2_10_sigmaW2_10,SPFSM,12,1.441672945022583,0.028388159493808258,1.0283542633056642,0.004526473748576507
sigmaV2_10_sigmaW2_10,SPFSM,13,1.4317293643951416,0.02503461681485933,1.0303765058517456,0.0038103558158815464
sigmaV2_10_sigmaW2_10,SPFSM,14,1.4313206195831298,0.025675070758429203,1.0270379543304444,0.0014894512322031974
sigmaV2_10_sigmaW2_10,SPFSM,15,1.4383779525756837,0.019317070398566165,1.0307141304016114,0.0025342169666598157
sigmaV2_10_sigmaW2_10,SPFSM,16,1.4493496894836426,0.02674845129442096,1.0282042741775512,0.002632961166611998
sigmaV2_10_sigmaW2_10,SPFSM,17,1.4514516115188598,0.03136483786435819,1.0263604402542115,0.0029853727054317755
sigmaV2_10_sigmaW2_10,SPFSM,18,1.4193114757537841,0.00834649446156411,1.0325371503829956,0.002452132446415602
sigmaV2_10_sigmaW2_10,SPFSM,19,1.4373366117477417,0.011043844716169227,1.0257806777954102,0.0012843143008741465
sigmaV2_10_sigmaW2_10,SPFSM,20,1.4455953359603881,0.011913313978019964,1.0292472124099732,0.002953311622219535
sigmaV2_10_sigmaW2_10,SPFSM,21,1.4123985767364502,0.04022067694391264,1.0301365613937379,0.004442711974214163
sigmaV2_10_sigmaW2_10,SPFSM,22,1.4233168125152589,0.006568732005304124,1.0254761219024657,0.0029718576845591802
sigmaV2_10_sigmaW2_10,SPFSM,23,1.436062264442444,0.01960364392075018,1.0307339668273925,0.004404655449139867
sigmaV2_10_sigmaW2_10,SPFSM,24,1.4348089218139648,0.02379732229799408,1.0261192321777344,0.0025503807616920615
sigmaV2_10_sigmaW2_10,SPFSM,25,1.4299154043197633,0.023553672878159113,1.0263070344924927,0.004094215302936312
sigmaV2_10_sigmaW2_10,SPFSM,26,1.432565188407898,0.015405301140410426,1.0334125757217407,0.0024998226572770133
sigmaV2_10_sigmaW2_10,SPFSM,27,1.4478783845901488,0.028755550366146916,1.025551176071167,0.0031259597333341597
sigmaV2_10_sigmaW2_10,SPFSM,28,1.4549376726150514,0.02904974736502059,1.030716061592102,0.004220568244706522
sigmaV2_10_sigmaW2_10,SPFSM,29,1.4245121955871582,0.006590345598512697,1.0298505783081056,0.00612373407513582
sigmaV2_10_sigmaW2_10,SPFSM,30,1.4352294921875,0.008111046016962112,1.0278037071228028,0.0028918454853472573
sigmaV2_10_sigmaW2_10,SPFSM,31,1.4330347776412964,0.02193231866188501,1.0326300621032716,0.0010091053993118377
sigmaV2_10_sigmaW2_10,SPFSM,32,1.4090253114700317,0.03819098853918523,1.0232709884643554,0.0014767317264761594
sigmaV2_10_sigmaW2_10,SPFSM,33,1.4174179315567017,0.01137752129352802,1.0290722608566285,0.0037230495606329897
sigmaV2_10_sigmaW2_10,SPFSM,34,1.444742202758789,0.017327942464072293,1.0313650131225587,0.0016810342580558693
sigmaV2_10_sigmaW2_10,SPFSM,35,1.4352494478225708,0.023249728843166357,1.0274110555648803,0.0018914403039033932
sigmaV2_10_sigmaW2_10,SPFSM,36,1.4315878629684449,0.02455962166092099,1.0312537670135498,0.001825455354222466
sigmaV2_10_sigmaW2_10,SPFSM,37,1.4341183423995971,0.013843987802837519,1.0272662878036498,0.0033982684233935575
sigmaV2_10_sigmaW2_10,SPFSM,38,1.4356745719909667,0.03068120480681472,1.0258496761322022,0.002282470741759396
sigmaV2_10_sigmaW2_10,SPFSM,39,1.4537827968597412,0.030325237931473674,1.0315348148345946,0.00569177376091514
sigmaV2_10_sigmaW2_10,SPFSM,40,1.432361125946045,0.01473181163480986,1.0255096435546875,0.0031074300608779633
sigmaV2_10_sigmaW2_10,SPFSM,41,1.441488790512085,0.008923678722858548,1.0326024532318114,0.0026197799661223935
sigmaV2_10_sigmaW2_10,SPFSM,42,1.4338226318359375,0.02209392736303605,1.0321539640426636,0.004015143494308439
sigmaV2_10_sigmaW2_10,SPFSM,43,1.4150027513504029,0.041710004446355635,1.0284786939620971,0.004011792669283383
sigmaV2_10_sigmaW2_10,SPFSM,44,1.4159368515014648,0.012602940340505192,1.0312069177627563,0.002969732745252582
sigmaV2_10_sigmaW2_10,SPFSM,45,1.4513923168182372,0.02068905478962854,1.026916217803955,0.0035045231291185876
sigmaV2_10_sigmaW2_10,SPFSM,46,1.4247730731964112,0.024670674850668647,1.0279799222946167,0.0030244829911124644
sigmaV2_10_sigmaW2_10,SPFSM,47,1.4427942037582397,0.020637598485813678,1.0315430402755736,0.003889666654574206
sigmaV2_10_sigmaW2_10,SPFSM,48,1.4321185111999513,0.014567735215177019,1.025127911567688,0.0021361472526588553
sigmaV2_10_sigmaW2_10,SPFSM,49,1.440107274055481,0.029869441084935857,1.0305110454559325,0.00303665931470429
sigmaV2_10_sigmaW2_10,SPFSM,50,1.460849976539612,0.02816613236545085,1.028548812866211,0.003170146301168216
sigmaV2_10_sigmaW2_10,SPFSM,51,1.4353517055511475,0.01251346672072918,1.0263121843338012,0.0016270547289229532
sigmaV2_10_sigmaW2_10,SPFSM,52,1.440284013748169,0.00887936078324382,1.033243989944458,0.0018233652967270084
sigmaV2_10_sigmaW2_10,SPFSM,53,1.447840929031372,0.03297392632961724,1.0268168926239014,0.001982735654629295
sigmaV2_10_sigmaW2_10,SPFSM,54,1.4204479455947876,0.03996968183349924,1.0277628183364869,0.0021159090244279298
sigmaV2_10_sigmaW2_10,SPFSM,55,1.4141183614730835,0.011787007301906714,1.0304521560668944,0.0021554135528376733
sigmaV2_10_sigmaW2_10,SPFSM,56,1.4542184114456176,0.01562795443093592,1.0248727083206177,0.0018535897575172322
sigmaV2_10_sigmaW2_10,SPFSM,57,1.4312194108963012,0.025624274688272098,1.031870722770691,0.002794072304993596
sigmaV2_10_sigmaW2_10,SPFSM,58,1.4480188131332397,0.012087646128383858,1.0259790182113648,0.0025851294342747896
sigmaV2_10_sigmaW2_10,SPFSM,59,1.4320924758911133,0.01458530724251244,1.0274395942687988,0.0032014281839909007
sigmaV2_10_sigmaW2_10,SPFSM,60,1.428364896774292,0.03091691099881174,1.0315744400024414,0.0010180127491984305
sigmaV2_10_sigmaW2_10,SPFSM,61,1.4577906131744385,0.026941966857491968,1.0254663944244384,0.0033272774497490384
sigmaV2_10_sigmaW2_10,SPFSM,62,1.4420219898223876,0.01709073491372694,1.0302106142044067,0.0037668596044603767
sigmaV2_10_sigmaW2_10,SPFSM,63,1.4333605527877809,0.02052169035842128,1.026905608177185,0.0033954515227705867
sigmaV2_10_sigmaW2_10,SPFSM,64,1.4435232639312745,0.033559670980367245,1.026784634590149,0.0022358556158823743
sigmaV2_10_sigmaW2_10,SPFSM,65,1.407963228225708,0.034833442602858616,1.0303651571273804,0.00252702660922453
sigmaV2_10_sigmaW2_10,SPFSM,66,1.4190020084381103,0.01845931726405239,1.028193759918213,0.0029163877566881244
sigmaV2_10_sigmaW2_10,SPFSM,67,1.4574055910110473,0.016015663483167946,1.0258689403533936,0.0012569616740340358
sigmaV2_10_sigmaW2_10,SPFSM,68,1.4224496126174926,0.017040175979820618,1.0299036026000976,0.0016239377422933511
sigmaV2_10_sigmaW2_10,SPFSM,69,1.4532211780548097,0.012011612151897312,1.0290634393692017,0.0023775722297667266
sigmaV2_10_sigmaW2_10,SPFSM,70,1.4258970022201538,0.004248747939399091,1.0307764291763306,0.0026932528538678906
sigmaV2_10_sigmaW2_10,SPFSM,71,1.4270650625228882,0.028665478467746596,1.024897527694702,0.0027133991804807953
sigmaV2_10_sigmaW2_10,SPFSM,72,1.4434452295303344,0.018640445741430253,1.0266533136367797,0.002451272602544495
sigmaV2_10_sigmaW2_10,SPFSM,73,1.4404708862304687,0.01908628898867653,1.0311819076538087,0.0022084865939662733
sigmaV2_10_sigmaW2_10,SPFSM,74,1.4390554189682008,0.023708572915546643,1.0263336181640625,0.0022177608270312833
sigmaV2_10_sigmaW2_10,SPFSM,75,1.434788703918457,0.03491827480206558,1.0287693977355956,0.0014009714518128796
sigmaV2_10_sigmaW2_10,SPFSM,76,1.4293405294418335,0.020651726914861702,1.0315083265304565,0.003714190020432837
sigmaV2_10_sigmaW2_10,SPFSM,77,1.416646671295166,0.017868988671633283,1.0283100128173828,0.0022497607309296254
sigmaV2_10_sigmaW2_10,SPFSM,78,1.455881690979004,0.015828329781814907,1.0324437856674193,0.002834622534160589
sigmaV2_10_sigmaW2_10,SPFSM,79,1.4204927921295165,0.016480317325093825,1.0281070947647095,0.0021247956555140815
sigmaV2_10_sigmaW2_10,SPFSM,80,1.4537434577941895,0.012526226342207684,1.0285592794418335,0.002341345020104895
sigmaV2_10_sigmaW2_10,SPFSM,81,1.4360545873641968,0.02382030738812566,1.0314258575439452,0.003002672372113278
sigmaV2_10_sigmaW2_10,SPFSM,82,1.4322779178619385,0.026870388726533554,1.0292683124542237,0.0018167158005421404
sigmaV2_10_sigmaW2_10,SPFSM,83,1.4489680290222169,0.02125672216831078,1.0335466623306275,0.0017330531313302455
sigmaV2_10_sigmaW2_10,SPFSM,84,1.442990279197693,0.018680609318731712,1.0269839286804199,0.002731923976583229
sigmaV2_10_sigmaW2_10,SPFSM,85,1.439791989326477,0.023917792387992087,1.0259372472763062,0.003672351585616111
sigmaV2_10_sigmaW2_10,SPFSM,86,1.4444197416305542,0.028506821741051663,1.028855276107788,0.0032470271538147535
sigmaV2_10_sigmaW2_10,SPFSM,87,1.427426242828369,0.02131767283255213,1.0254994869232177,0.0024693741391230255
sigmaV2_10_sigmaW2_10,SPFSM,88,1.4216416597366333,0.015358089374740645,1.0277908086776733,0.001355878794467163
sigmaV2_10_sigmaW2_10,SPFSM,89,1.452631902694702,0.01684673886771097,1.0301789045333862,0.004443537232687999
sigmaV2_10_sigmaW2_10,SPFSM,90,1.4268710136413574,0.016152317760635755,1.0254682540893554,0.001513448147648502
sigmaV2_10_sigmaW2_10,SPFSM,91,1.4493093967437745,0.016554185304116648,1.0294633865356446,0.004069410855161399
sigmaV2_10_sigmaW2_10,SPFSM,92,1.4401062726974487,0.02287836099757025,1.0287883520126342,0.001583868500931353
sigmaV2_10_sigmaW2_10,SPFSM,93,1.4288269758224488,0.030773820438105642,1.0271910667419433,0.001552116042052098
sigmaV2_10_sigmaW2_10,SPFSM,94,1.4476489543914794,0.023209630428713154,1.0330357789993285,0.003502666370681803
sigmaV2_10_sigmaW2_10,SPFSM,95,1.4351630687713623,0.018481668197316836,1.0269824981689453,0.0032279208651033206
sigmaV2_10_sigmaW2_10,SPFSM,96,1.436283564567566,0.022667001145111384,1.0305543184280395,0.0036103811165060992
sigmaV2_10_sigmaW2_10,SPFSM,97,1.4459344625473023,0.02842822359724868,1.0305175304412841,0.004272055980982666
sigmaV2_10_sigmaW2_10,SPFSM,98,1.4256178379058837,0.01959991735865517,1.0271854162216187,0.0036897068368350826
sigmaV2_10_sigmaW2_10,SPFSM,99,1.4318289756774902,0.01650106845581462,1.030781865119934,0.0039011779447021312
sigmaV2_10_sigmaW2_10,SPFSM,100,1.4441320657730103,0.014299077977409801,1.0281917810440064,0.0015645104375809718
